Workbook

Sheet Анализ
G2: Средний вход | H2: =AVERAGE(G7:G1005) -> #N/A | I2: Средний срок, д | J2: =AVERAGE(M7:M1005) -> #N/A | K2: Ср.комиссия | L2: =AVERAGE(D7:D1005) -> #N/A
A3: Кошелек | B3: Последняя транзакция | C3: Тройная транзакция | D3: Последние "х" дней | E3: Win Rate R | F3: =COUNTIFS(F7:F1005,0,I7:I1005,">"&0)/COUNTIF(F7:F1005,0) -> #DIV/0! | G3: P&L R | H3: =SUMIF(F7:F1005,0,I7:I1005) -> 0 | I3: Avarage R | J3: =AVERAGEIF(F7:F1005,0,J7:J1005) -> #DIV/0! | K3: Сделок | L3: =COUNTA(A7:A1005) -> 1
B4: =MAX('Барабан'!AJ:AJ) -> 0 | C4: {=SUM(IF('Барабан'!AJ2:AJ1000>TODAY()-30,IF(LEN('Барабан'!W2:W1000)>90,1,0),0))} -> 0 | D4: 120 | E4: Win Rate Total | F4: =COUNTIF(I7:I1005,">"&0)/L3 -> 0 | G4: P&L Total | H4: =SUM(I7:I1005) -> #N/A | I4: Avarage Total | J4: =AVERAGE(J7:J1005) -> #DIV/0! | K4: Комиссий | L4: =SUM(D7:D1005) -> #N/A
A6: Тикеры | B6: Всего купили | C6: Всего продали | D6: Комиссия, usd | E6: Дельта | F6: Накопление, usd | G6: Сумма покупок, usd | H6: Сумма продаж, usd | I6: Дельта, usd | J6: Дельта, % usd | K6: Покупок | L6: Продаж | M6: Срок сделки, д | N6: Первая покупка | O6: Последняя продажа
A7: ='Справочник'!E2 -> #N/A | B7: =IF(A7>0,SUMIF('Барабан'!K:K,A7,'Барабан'!I:I),"") -> #N/A | C7: =IF(A7>0,SUMIF('Барабан'!V:V,A7,'Барабан'!T:T),"") -> #N/A | D7: =IF(A7>0,SUMIF('Барабан'!K:K,A7,'Барабан'!AG:AG)+SUMIF('Барабан'!V:V,A7,'Барабан'!AG:AG),"") -> #N/A | E7: =IF(A7>0,ROUND(B7-C7,0),"") -> #N/A | F7: {=IFERROR(IF(E7=0,0,INDEX('Справочник'!G:G,MATCH(A7,'Справочник'!F:F,0))))} | G7: =IF(A7>0,SUMIF('Барабан'!K:K,A7,'Барабан'!P:P),"") -> #N/A | H7: =IF(A7>0,SUMIF('Барабан'!V:V,A7,'Барабан'!AA:AA),"") -> #N/A | I7: =IF(A7>0,H7+F7-G7,"") -> #N/A | J7: =IFERROR(IF(A7>0,I7/G7,""),"–") -> – | K7: =IF(A7>0,COUNTIF('Барабан'!K:K,A7),"") -> #N/A | L7: =IF(A7>0,COUNTIF('Барабан'!V:V,A7),"") -> #N/A | M7: =IF(A7>0,IFERROR(O7-N7,TODAY()-N7),"") -> #N/A | N7: =IFERROR(__xludf.DUMMYFUNCTION("IF(A7>0,MIN(FILTER('Барабан'!AJ:AJ,'Барабан'!K:K=A7)),"""")"),"#N/A") -> #N/A | O7: =IFERROR(__xludf.DUMMYFUNCTION("IF(A7>0,IFERROR(MAX(FILTER('Барабан'!AJ:AJ,'Барабан'!V:V=A7)),""–""),"""")"),"#N/A") -> #N/A
A8: ='Справочник'!E3 | B8: =IF(A8>0,SUMIF('Барабан'!K:K,A8,'Барабан'!I:I),"") | C8: =IF(A8>0,SUMIF('Барабан'!V:V,A8,'Барабан'!T:T),"") | D8: =IF(A8>0,SUMIF('Барабан'!K:K,A8,'Барабан'!AG:AG)+SUMIF('Барабан'!V:V,A8,'Барабан'!AG:AG),"") | E8: =IF(A8>0,ROUND(B8-C8,0),"") | F8: {=IFERROR(IF(E8=0,0,INDEX('Справочник'!G:G,MATCH(A8,'Справочник'!F:F,0))))} | G8: =IF(A8>0,SUMIF('Барабан'!K:K,A8,'Барабан'!P:P),"") | H8: =IF(A8>0,SUMIF('Барабан'!V:V,A8,'Барабан'!AA:AA),"") | I8: =IF(A8>0,H8+F8-G8-D8,"") | J8: =IFERROR(IF(A8>0,I8/G8,""),"–") | K8: =IF(A8>0,COUNTIF('Барабан'!K:K,A8),"") | L8: =IF(A8>0,COUNTIF('Барабан'!V:V,A8),"") | M8: =IF(A8>0,IFERROR(O8-N8,TODAY()-N8),"") | N8: =IFERROR(__xludf.DUMMYFUNCTION("IF(A8>0,MIN(FILTER('Барабан'!AJ:AJ,'Барабан'!K:K=A8)),"""")"),"") | O8: =IFERROR(__xludf.DUMMYFUNCTION("IF(A8>0,IFERROR(MAX(FILTER('Барабан'!AJ:AJ,'Барабан'!V:V=A8)),""–""),"""")"),"")
A9: ='Справочник'!E4 | B9: =IF(A9>0,SUMIF('Барабан'!K:K,A9,'Барабан'!I:I),"") | C9: =IF(A9>0,SUMIF('Барабан'!V:V,A9,'Барабан'!T:T),"") | D9: =IF(A9>0,SUMIF('Барабан'!K:K,A9,'Барабан'!AG:AG)+SUMIF('Барабан'!V:V,A9,'Барабан'!AG:AG),"") | E9: =IF(A9>0,ROUND(B9-C9,0),"") | F9: {=IFERROR(IF(E9=0,0,INDEX('Справочник'!G:G,MATCH(A9,'Справочник'!F:F,0))))} | G9: =IF(A9>0,SUMIF('Барабан'!K:K,A9,'Барабан'!P:P),"") | H9: =IF(A9>0,SUMIF('Барабан'!V:V,A9,'Барабан'!AA:AA),"") | I9: =IF(A9>0,H9+F9-G9-D9,"") | J9: =IFERROR(IF(A9>0,I9/G9,""),"–") | K9: =IF(A9>0,COUNTIF('Барабан'!K:K,A9),"") | L9: =IF(A9>0,COUNTIF('Барабан'!V:V,A9),"") | M9: =IF(A9>0,IFERROR(O9-N9,TODAY()-N9),"") | N9: =IFERROR(__xludf.DUMMYFUNCTION("IF(A9>0,MIN(FILTER('Барабан'!AJ:AJ,'Барабан'!K:K=A9)),"""")"),"") | O9: =IFERROR(__xludf.DUMMYFUNCTION("IF(A9>0,IFERROR(MAX(FILTER('Барабан'!AJ:AJ,'Барабан'!V:V=A9)),""–""),"""")"),"")
A10: ='Справочник'!E5 | B10: =IF(A10>0,SUMIF('Барабан'!K:K,A10,'Барабан'!I:I),"") | C10: =IF(A10>0,SUMIF('Барабан'!V:V,A10,'Барабан'!T:T),"") | D10: =IF(A10>0,SUMIF('Барабан'!K:K,A10,'Барабан'!AG:AG)+SUMIF('Барабан'!V:V,A10,'Барабан'!AG:AG),"") | E10: =IF(A10>0,ROUND(B10-C10,0),"") | F10: {=IFERROR(IF(E10=0,0,INDEX('Справочник'!G:G,MATCH(A10,'Справочник'!F:F,0))))} | G10: =IF(A10>0,SUMIF('Барабан'!K:K,A10,'Барабан'!P:P),"") | H10: =IF(A10>0,SUMIF('Барабан'!V:V,A10,'Барабан'!AA:AA),"") | I10: =IF(A10>0,H10+F10-G10-D10,"") | J10: =IFERROR(IF(A10>0,I10/G10,""),"–") | K10: =IF(A10>0,COUNTIF('Барабан'!K:K,A10),"") | L10: =IF(A10>0,COUNTIF('Барабан'!V:V,A10),"") | M10: =IF(A10>0,IFERROR(O10-N10,TODAY()-N10),"") | N10: =IFERROR(__xludf.DUMMYFUNCTION("IF(A10>0,MIN(FILTER('Барабан'!AJ:AJ,'Барабан'!K:K=A10)),"""")"),"") | O10: =IFERROR(__xludf.DUMMYFUNCTION("IF(A10>0,IFERROR(MAX(FILTER('Барабан'!AJ:AJ,'Барабан'!V:V=A10)),""–""),"""")"),"")
A11: ='Справочник'!E6 | B11: =IF(A11>0,SUMIF('Барабан'!K:K,A11,'Барабан'!I:I),"") | C11: =IF(A11>0,SUMIF('Барабан'!V:V,A11,'Барабан'!T:T),"") | D11: =IF(A11>0,SUMIF('Барабан'!K:K,A11,'Барабан'!AG:AG)+SUMIF('Барабан'!V:V,A11,'Барабан'!AG:AG),"") | E11: =IF(A11>0,ROUND(B11-C11,0),"") | F11: {=IFERROR(IF(E11=0,0,INDEX('Справочник'!G:G,MATCH(A11,'Справочник'!F:F,0))))} | G11: =IF(A11>0,SUMIF('Барабан'!K:K,A11,'Барабан'!P:P),"") | H11: =IF(A11>0,SUMIF('Барабан'!V:V,A11,'Барабан'!AA:AA),"") | I11: =IF(A11>0,H11+F11-G11-D11,"") | J11: =IFERROR(IF(A11>0,I11/G11,""),"–") | K11: =IF(A11>0,COUNTIF('Барабан'!K:K,A11),"") | L11: =IF(A11>0,COUNTIF('Барабан'!V:V,A11),"") | M11: =IF(A11>0,IFERROR(O11-N11,TODAY()-N11),"") | N11: =IFERROR(__xludf.DUMMYFUNCTION("IF(A11>0,MIN(FILTER('Барабан'!AJ:AJ,'Барабан'!K:K=A11)),"""")"),"") | O11: =IFERROR(__xludf.DUMMYFUNCTION("IF(A11>0,IFERROR(MAX(FILTER('Барабан'!AJ:AJ,'Барабан'!V:V=A11)),""–""),"""")"),"")
A12: ='Справочник'!E7 | B12: =IF(A12>0,SUMIF('Барабан'!K:K,A12,'Барабан'!I:I),"") | C12: =IF(A12>0,SUMIF('Барабан'!V:V,A12,'Барабан'!T:T),"") | D12: =IF(A12>0,SUMIF('Барабан'!K:K,A12,'Барабан'!AG:AG)+SUMIF('Барабан'!V:V,A12,'Барабан'!AG:AG),"") | E12: =IF(A12>0,ROUND(B12-C12,0),"") | F12: {=IFERROR(IF(E12=0,0,INDEX('Справочник'!G:G,MATCH(A12,'Справочник'!F:F,0))))} | G12: =IF(A12>0,SUMIF('Барабан'!K:K,A12,'Барабан'!P:P),"") | H12: =IF(A12>0,SUMIF('Барабан'!V:V,A12,'Барабан'!AA:AA),"") | I12: =IF(A12>0,H12+F12-G12-D12,"") | J12: =IFERROR(IF(A12>0,I12/G12,""),"–") | K12: =IF(A12>0,COUNTIF('Барабан'!K:K,A12),"") | L12: =IF(A12>0,COUNTIF('Барабан'!V:V,A12),"") | M12: =IF(A12>0,IFERROR(O12-N12,TODAY()-N12),"") | N12: =IFERROR(__xludf.DUMMYFUNCTION("IF(A12>0,MIN(FILTER('Барабан'!AJ:AJ,'Барабан'!K:K=A12)),"""")"),"") | O12: =IFERROR(__xludf.DUMMYFUNCTION("IF(A12>0,IFERROR(MAX(FILTER('Барабан'!AJ:AJ,'Барабан'!V:V=A12)),""–""),"""")"),"")
A13: ='Справочник'!E8 | B13: =IF(A13>0,SUMIF('Барабан'!K:K,A13,'Барабан'!I:I),"") | C13: =IF(A13>0,SUMIF('Барабан'!V:V,A13,'Барабан'!T:T),"") | D13: =IF(A13>0,SUMIF('Барабан'!K:K,A13,'Барабан'!AG:AG)+SUMIF('Барабан'!V:V,A13,'Барабан'!AG:AG),"") | E13: =IF(A13>0,ROUND(B13-C13,0),"") | F13: {=IFERROR(IF(E13=0,0,INDEX('Справочник'!G:G,MATCH(A13,'Справочник'!F:F,0))))} | G13: =IF(A13>0,SUMIF('Барабан'!K:K,A13,'Барабан'!P:P),"") | H13: =IF(A13>0,SUMIF('Барабан'!V:V,A13,'Барабан'!AA:AA),"") | I13: =IF(A13>0,H13+F13-G13-D13,"") | J13: =IFERROR(IF(A13>0,I13/G13,""),"–") | K13: =IF(A13>0,COUNTIF('Барабан'!K:K,A13),"") | L13: =IF(A13>0,COUNTIF('Барабан'!V:V,A13),"") | M13: =IF(A13>0,IFERROR(O13-N13,TODAY()-N13),"") | N13: =IFERROR(__xludf.DUMMYFUNCTION("IF(A13>0,MIN(FILTER('Барабан'!AJ:AJ,'Барабан'!K:K=A13)),"""")"),"") | O13: =IFERROR(__xludf.DUMMYFUNCTION("IF(A13>0,IFERROR(MAX(FILTER('Барабан'!AJ:AJ,'Барабан'!V:V=A13)),""–""),"""")"),"")
A14: ='Справочник'!E9 | B14: =IF(A14>0,SUMIF('Барабан'!K:K,A14,'Барабан'!I:I),"") | C14: =IF(A14>0,SUMIF('Барабан'!V:V,A14,'Барабан'!T:T),"") | D14: =IF(A14>0,SUMIF('Барабан'!K:K,A14,'Барабан'!AG:AG)+SUMIF('Барабан'!V:V,A14,'Барабан'!AG:AG),"") | E14: =IF(A14>0,ROUND(B14-C14,0),"") | F14: {=IFERROR(IF(E14=0,0,INDEX('Справочник'!G:G,MATCH(A14,'Справочник'!F:F,0))))} | G14: =IF(A14>0,SUMIF('Барабан'!K:K,A14,'Барабан'!P:P),"") | H14: =IF(A14>0,SUMIF('Барабан'!V:V,A14,'Барабан'!AA:AA),"") | I14: =IF(A14>0,H14+F14-G14-D14,"") | J14: =IFERROR(IF(A14>0,I14/G14,""),"–") | K14: =IF(A14>0,COUNTIF('Барабан'!K:K,A14),"") | L14: =IF(A14>0,COUNTIF('Барабан'!V:V,A14),"") | M14: =IF(A14>0,IFERROR(O14-N14,TODAY()-N14),"") | N14: =IFERROR(__xludf.DUMMYFUNCTION("IF(A14>0,MIN(FILTER('Барабан'!AJ:AJ,'Барабан'!K:K=A14)),"""")"),"") | O14: =IFERROR(__xludf.DUMMYFUNCTION("IF(A14>0,IFERROR(MAX(FILTER('Барабан'!AJ:AJ,'Барабан'!V:V=A14)),""–""),"""")"),"")
A15: ='Справочник'!E10 | B15: =IF(A15>0,SUMIF('Барабан'!K:K,A15,'Барабан'!I:I),"") | C15: =IF(A15>0,SUMIF('Барабан'!V:V,A15,'Барабан'!T:T),"") | D15: =IF(A15>0,SUMIF('Барабан'!K:K,A15,'Барабан'!AG:AG)+SUMIF('Барабан'!V:V,A15,'Барабан'!AG:AG),"") | E15: =IF(A15>0,ROUND(B15-C15,0),"") | F15: {=IFERROR(IF(E15=0,0,INDEX('Справочник'!G:G,MATCH(A15,'Справочник'!F:F,0))))} | G15: =IF(A15>0,SUMIF('Барабан'!K:K,A15,'Барабан'!P:P),"") | H15: =IF(A15>0,SUMIF('Барабан'!V:V,A15,'Барабан'!AA:AA),"") | I15: =IF(A15>0,H15+F15-G15-D15,"") | J15: =IFERROR(IF(A15>0,I15/G15,""),"–") | K15: =IF(A15>0,COUNTIF('Барабан'!K:K,A15),"") | L15: =IF(A15>0,COUNTIF('Барабан'!V:V,A15),"") | M15: =IF(A15>0,IFERROR(O15-N15,TODAY()-N15),"") | N15: =IFERROR(__xludf.DUMMYFUNCTION("IF(A15>0,MIN(FILTER('Барабан'!AJ:AJ,'Барабан'!K:K=A15)),"""")"),"") | O15: =IFERROR(__xludf.DUMMYFUNCTION("IF(A15>0,IFERROR(MAX(FILTER('Барабан'!AJ:AJ,'Барабан'!V:V=A15)),""–""),"""")"),"")
A16: ='Справочник'!E11 | B16: =IF(A16>0,SUMIF('Барабан'!K:K,A16,'Барабан'!I:I),"") | C16: =IF(A16>0,SUMIF('Барабан'!V:V,A16,'Барабан'!T:T),"") | D16: =IF(A16>0,SUMIF('Барабан'!K:K,A16,'Барабан'!AG:AG)+SUMIF('Барабан'!V:V,A16,'Барабан'!AG:AG),"") | E16: =IF(A16>0,ROUND(B16-C16,0),"") | F16: {=IFERROR(IF(E16=0,0,INDEX('Справочник'!G:G,MATCH(A16,'Справочник'!F:F,0))))} | G16: =IF(A16>0,SUMIF('Барабан'!K:K,A16,'Барабан'!P:P),"") | H16: =IF(A16>0,SUMIF('Барабан'!V:V,A16,'Барабан'!AA:AA),"") | I16: =IF(A16>0,H16+F16-G16-D16,"") | J16: =IFERROR(IF(A16>0,I16/G16,""),"–") | K16: =IF(A16>0,COUNTIF('Барабан'!K:K,A16),"") | L16: =IF(A16>0,COUNTIF('Барабан'!V:V,A16),"") | M16: =IF(A16>0,IFERROR(O16-N16,TODAY()-N16),"") | N16: =IFERROR(__xludf.DUMMYFUNCTION("IF(A16>0,MIN(FILTER('Барабан'!AJ:AJ,'Барабан'!K:K=A16)),"""")"),"") | O16: =IFERROR(__xludf.DUMMYFUNCTION("IF(A16>0,IFERROR(MAX(FILTER('Барабан'!AJ:AJ,'Барабан'!V:V=A16)),""–""),"""")"),"")
A17: ='Справочник'!E12 | B17: =IF(A17>0,SUMIF('Барабан'!K:K,A17,'Барабан'!I:I),"") | C17: =IF(A17>0,SUMIF('Барабан'!V:V,A17,'Барабан'!T:T),"") | D17: =IF(A17>0,SUMIF('Барабан'!K:K,A17,'Барабан'!AG:AG)+SUMIF('Барабан'!V:V,A17,'Барабан'!AG:AG),"") | E17: =IF(A17>0,ROUND(B17-C17,0),"") | F17: {=IFERROR(IF(E17=0,0,INDEX('Справочник'!G:G,MATCH(A17,'Справочник'!F:F,0))))} | G17: =IF(A17>0,SUMIF('Барабан'!K:K,A17,'Барабан'!P:P),"") | H17: =IF(A17>0,SUMIF('Барабан'!V:V,A17,'Барабан'!AA:AA),"") | I17: =IF(A17>0,H17+F17-G17-D17,"") | J17: =IFERROR(IF(A17>0,I17/G17,""),"–") | K17: =IF(A17>0,COUNTIF('Барабан'!K:K,A17),"") | L17: =IF(A17>0,COUNTIF('Барабан'!V:V,A17),"") | M17: =IF(A17>0,IFERROR(O17-N17,TODAY()-N17),"") | N17: =IFERROR(__xludf.DUMMYFUNCTION("IF(A17>0,MIN(FILTER('Барабан'!AJ:AJ,'Барабан'!K:K=A17)),"""")"),"") | O17: =IFERROR(__xludf.DUMMYFUNCTION("IF(A17>0,IFERROR(MAX(FILTER('Барабан'!AJ:AJ,'Барабан'!V:V=A17)),""–""),"""")"),"")
A18: ='Справочник'!E13 | B18: =IF(A18>0,SUMIF('Барабан'!K:K,A18,'Барабан'!I:I),"") | C18: =IF(A18>0,SUMIF('Барабан'!V:V,A18,'Барабан'!T:T),"") | D18: =IF(A18>0,SUMIF('Барабан'!K:K,A18,'Барабан'!AG:AG)+SUMIF('Барабан'!V:V,A18,'Барабан'!AG:AG),"") | E18: =IF(A18>0,ROUND(B18-C18,0),"") | F18: {=IFERROR(IF(E18=0,0,INDEX('Справочник'!G:G,MATCH(A18,'Справочник'!F:F,0))))} | G18: =IF(A18>0,SUMIF('Барабан'!K:K,A18,'Барабан'!P:P),"") | H18: =IF(A18>0,SUMIF('Барабан'!V:V,A18,'Барабан'!AA:AA),"") | I18: =IF(A18>0,H18+F18-G18-D18,"") | J18: =IFERROR(IF(A18>0,I18/G18,""),"–") | K18: =IF(A18>0,COUNTIF('Барабан'!K:K,A18),"") | L18: =IF(A18>0,COUNTIF('Барабан'!V:V,A18),"") | M18: =IF(A18>0,IFERROR(O18-N18,TODAY()-N18),"") | N18: =IFERROR(__xludf.DUMMYFUNCTION("IF(A18>0,MIN(FILTER('Барабан'!AJ:AJ,'Барабан'!K:K=A18)),"""")"),"") | O18: =IFERROR(__xludf.DUMMYFUNCTION("IF(A18>0,IFERROR(MAX(FILTER('Барабан'!AJ:AJ,'Барабан'!V:V=A18)),""–""),"""")"),"")
A19: ='Справочник'!E14 | B19: =IF(A19>0,SUMIF('Барабан'!K:K,A19,'Барабан'!I:I),"") | C19: =IF(A19>0,SUMIF('Барабан'!V:V,A19,'Барабан'!T:T),"") | D19: =IF(A19>0,SUMIF('Барабан'!K:K,A19,'Барабан'!AG:AG)+SUMIF('Барабан'!V:V,A19,'Барабан'!AG:AG),"") | E19: =IF(A19>0,ROUND(B19-C19,0),"") | F19: {=IFERROR(IF(E19=0,0,INDEX('Справочник'!G:G,MATCH(A19,'Справочник'!F:F,0))))} | G19: =IF(A19>0,SUMIF('Барабан'!K:K,A19,'Барабан'!P:P),"") | H19: =IF(A19>0,SUMIF('Барабан'!V:V,A19,'Барабан'!AA:AA),"") | I19: =IF(A19>0,H19+F19-G19-D19,"") | J19: =IFERROR(IF(A19>0,I19/G19,""),"–") | K19: =IF(A19>0,COUNTIF('Барабан'!K:K,A19),"") | L19: =IF(A19>0,COUNTIF('Барабан'!V:V,A19),"") | M19: =IF(A19>0,IFERROR(O19-N19,TODAY()-N19),"") | N19: =IFERROR(__xludf.DUMMYFUNCTION("IF(A19>0,MIN(FILTER('Барабан'!AJ:AJ,'Барабан'!K:K=A19)),"""")"),"") | O19: =IFERROR(__xludf.DUMMYFUNCTION("IF(A19>0,IFERROR(MAX(FILTER('Барабан'!AJ:AJ,'Барабан'!V:V=A19)),""–""),"""")"),"")
A20: ='Справочник'!E15 | B20: =IF(A20>0,SUMIF('Барабан'!K:K,A20,'Барабан'!I:I),"") | C20: =IF(A20>0,SUMIF('Барабан'!V:V,A20,'Барабан'!T:T),"") | D20: =IF(A20>0,SUMIF('Барабан'!K:K,A20,'Барабан'!AG:AG)+SUMIF('Барабан'!V:V,A20,'Барабан'!AG:AG),"") | E20: =IF(A20>0,ROUND(B20-C20,0),"") | F20: {=IFERROR(IF(E20=0,0,INDEX('Справочник'!G:G,MATCH(A20,'Справочник'!F:F,0))))} | G20: =IF(A20>0,SUMIF('Барабан'!K:K,A20,'Барабан'!P:P),"") | H20: =IF(A20>0,SUMIF('Барабан'!V:V,A20,'Барабан'!AA:AA),"") | I20: =IF(A20>0,H20+F20-G20-D20,"") | J20: =IFERROR(IF(A20>0,I20/G20,""),"–") | K20: =IF(A20>0,COUNTIF('Барабан'!K:K,A20),"") | L20: =IF(A20>0,COUNTIF('Барабан'!V:V,A20),"") | M20: =IF(A20>0,IFERROR(O20-N20,TODAY()-N20),"") | N20: =IFERROR(__xludf.DUMMYFUNCTION("IF(A20>0,MIN(FILTER('Барабан'!AJ:AJ,'Барабан'!K:K=A20)),"""")"),"") | O20: =IFERROR(__xludf.DUMMYFUNCTION("IF(A20>0,IFERROR(MAX(FILTER('Барабан'!AJ:AJ,'Барабан'!V:V=A20)),""–""),"""")"),"")
A21: ='Справочник'!E16 | B21: =IF(A21>0,SUMIF('Барабан'!K:K,A21,'Барабан'!I:I),"") | C21: =IF(A21>0,SUMIF('Барабан'!V:V,A21,'Барабан'!T:T),"") | D21: =IF(A21>0,SUMIF('Барабан'!K:K,A21,'Барабан'!AG:AG)+SUMIF('Барабан'!V:V,A21,'Барабан'!AG:AG),"") | E21: =IF(A21>0,ROUND(B21-C21,0),"") | F21: {=IFERROR(IF(E21=0,0,INDEX('Справочник'!G:G,MATCH(A21,'Справочник'!F:F,0))))} | G21: =IF(A21>0,SUMIF('Барабан'!K:K,A21,'Барабан'!P:P),"") | H21: =IF(A21>0,SUMIF('Барабан'!V:V,A21,'Барабан'!AA:AA),"") | I21: =IF(A21>0,H21+F21-G21-D21,"") | J21: =IFERROR(IF(A21>0,I21/G21,""),"–") | K21: =IF(A21>0,COUNTIF('Барабан'!K:K,A21),"") | L21: =IF(A21>0,COUNTIF('Барабан'!V:V,A21),"") | M21: =IF(A21>0,IFERROR(O21-N21,TODAY()-N21),"") | N21: =IFERROR(__xludf.DUMMYFUNCTION("IF(A21>0,MIN(FILTER('Барабан'!AJ:AJ,'Барабан'!K:K=A21)),"""")"),"") | O21: =IFERROR(__xludf.DUMMYFUNCTION("IF(A21>0,IFERROR(MAX(FILTER('Барабан'!AJ:AJ,'Барабан'!V:V=A21)),""–""),"""")"),"")
A22: ='Справочник'!E17 | B22: =IF(A22>0,SUMIF('Барабан'!K:K,A22,'Барабан'!I:I),"") | C22: =IF(A22>0,SUMIF('Барабан'!V:V,A22,'Барабан'!T:T),"") | D22: =IF(A22>0,SUMIF('Барабан'!K:K,A22,'Барабан'!AG:AG)+SUMIF('Барабан'!V:V,A22,'Барабан'!AG:AG),"") | E22: =IF(A22>0,ROUND(B22-C22,0),"") | F22: {=IFERROR(IF(E22=0,0,INDEX('Справочник'!G:G,MATCH(A22,'Справочник'!F:F,0))))} | G22: =IF(A22>0,SUMIF('Барабан'!K:K,A22,'Барабан'!P:P),"") | H22: =IF(A22>0,SUMIF('Барабан'!V:V,A22,'Барабан'!AA:AA),"") | I22: =IF(A22>0,H22+F22-G22-D22,"") | J22: =IFERROR(IF(A22>0,I22/G22,""),"–") | K22: =IF(A22>0,COUNTIF('Барабан'!K:K,A22),"") | L22: =IF(A22>0,COUNTIF('Барабан'!V:V,A22),"") | M22: =IF(A22>0,IFERROR(O22-N22,TODAY()-N22),"") | N22: =IFERROR(__xludf.DUMMYFUNCTION("IF(A22>0,MIN(FILTER('Барабан'!AJ:AJ,'Барабан'!K:K=A22)),"""")"),"") | O22: =IFERROR(__xludf.DUMMYFUNCTION("IF(A22>0,IFERROR(MAX(FILTER('Барабан'!AJ:AJ,'Барабан'!V:V=A22)),""–""),"""")"),"")
A23: ='Справочник'!E18 | B23: =IF(A23>0,SUMIF('Барабан'!K:K,A23,'Барабан'!I:I),"") | C23: =IF(A23>0,SUMIF('Барабан'!V:V,A23,'Барабан'!T:T),"") | D23: =IF(A23>0,SUMIF('Барабан'!K:K,A23,'Барабан'!AG:AG)+SUMIF('Барабан'!V:V,A23,'Барабан'!AG:AG),"") | E23: =IF(A23>0,ROUND(B23-C23,0),"") | F23: {=IFERROR(IF(E23=0,0,INDEX('Справочник'!G:G,MATCH(A23,'Справочник'!F:F,0))))} | G23: =IF(A23>0,SUMIF('Барабан'!K:K,A23,'Барабан'!P:P),"") | H23: =IF(A23>0,SUMIF('Барабан'!V:V,A23,'Барабан'!AA:AA),"") | I23: =IF(A23>0,H23+F23-G23-D23,"") | J23: =IFERROR(IF(A23>0,I23/G23,""),"–") | K23: =IF(A23>0,COUNTIF('Барабан'!K:K,A23),"") | L23: =IF(A23>0,COUNTIF('Барабан'!V:V,A23),"") | M23: =IF(A23>0,IFERROR(O23-N23,TODAY()-N23),"") | N23: =IFERROR(__xludf.DUMMYFUNCTION("IF(A23>0,MIN(FILTER('Барабан'!AJ:AJ,'Барабан'!K:K=A23)),"""")"),"") | O23: =IFERROR(__xludf.DUMMYFUNCTION("IF(A23>0,IFERROR(MAX(FILTER('Барабан'!AJ:AJ,'Барабан'!V:V=A23)),""–""),"""")"),"")
A24: ='Справочник'!E19 | B24: =IF(A24>0,SUMIF('Барабан'!K:K,A24,'Барабан'!I:I),"") | C24: =IF(A24>0,SUMIF('Барабан'!V:V,A24,'Барабан'!T:T),"") | D24: =IF(A24>0,SUMIF('Барабан'!K:K,A24,'Барабан'!AG:AG)+SUMIF('Барабан'!V:V,A24,'Барабан'!AG:AG),"") | E24: =IF(A24>0,ROUND(B24-C24,0),"") | F24: {=IFERROR(IF(E24=0,0,INDEX('Справочник'!G:G,MATCH(A24,'Справочник'!F:F,0))))} | G24: =IF(A24>0,SUMIF('Барабан'!K:K,A24,'Барабан'!P:P),"") | H24: =IF(A24>0,SUMIF('Барабан'!V:V,A24,'Барабан'!AA:AA),"") | I24: =IF(A24>0,H24+F24-G24-D24,"") | J24: =IFERROR(IF(A24>0,I24/G24,""),"–") | K24: =IF(A24>0,COUNTIF('Барабан'!K:K,A24),"") | L24: =IF(A24>0,COUNTIF('Барабан'!V:V,A24),"") | M24: =IF(A24>0,IFERROR(O24-N24,TODAY()-N24),"") | N24: =IFERROR(__xludf.DUMMYFUNCTION("IF(A24>0,MIN(FILTER('Барабан'!AJ:AJ,'Барабан'!K:K=A24)),"""")"),"") | O24: =IFERROR(__xludf.DUMMYFUNCTION("IF(A24>0,IFERROR(MAX(FILTER('Барабан'!AJ:AJ,'Барабан'!V:V=A24)),""–""),"""")"),"")
A25: ='Справочник'!E20 | B25: =IF(A25>0,SUMIF('Барабан'!K:K,A25,'Барабан'!I:I),"") | C25: =IF(A25>0,SUMIF('Барабан'!V:V,A25,'Барабан'!T:T),"") | D25: =IF(A25>0,SUMIF('Барабан'!K:K,A25,'Барабан'!AG:AG)+SUMIF('Барабан'!V:V,A25,'Барабан'!AG:AG),"") | E25: =IF(A25>0,ROUND(B25-C25,0),"") | F25: {=IFERROR(IF(E25=0,0,INDEX('Справочник'!G:G,MATCH(A25,'Справочник'!F:F,0))))} | G25: =IF(A25>0,SUMIF('Барабан'!K:K,A25,'Барабан'!P:P),"") | H25: =IF(A25>0,SUMIF('Барабан'!V:V,A25,'Барабан'!AA:AA),"") | I25: =IF(A25>0,H25+F25-G25-D25,"") | J25: =IFERROR(IF(A25>0,I25/G25,""),"–") | K25: =IF(A25>0,COUNTIF('Барабан'!K:K,A25),"") | L25: =IF(A25>0,COUNTIF('Барабан'!V:V,A25),"") | M25: =IF(A25>0,IFERROR(O25-N25,TODAY()-N25),"") | N25: =IFERROR(__xludf.DUMMYFUNCTION("IF(A25>0,MIN(FILTER('Барабан'!AJ:AJ,'Барабан'!K:K=A25)),"""")"),"") | O25: =IFERROR(__xludf.DUMMYFUNCTION("IF(A25>0,IFERROR(MAX(FILTER('Барабан'!AJ:AJ,'Барабан'!V:V=A25)),""–""),"""")"),"")
A26: ='Справочник'!E21 | B26: =IF(A26>0,SUMIF('Барабан'!K:K,A26,'Барабан'!I:I),"") | C26: =IF(A26>0,SUMIF('Барабан'!V:V,A26,'Барабан'!T:T),"") | D26: =IF(A26>0,SUMIF('Барабан'!K:K,A26,'Барабан'!AG:AG)+SUMIF('Барабан'!V:V,A26,'Барабан'!AG:AG),"") | E26: =IF(A26>0,ROUND(B26-C26,0),"") | F26: {=IFERROR(IF(E26=0,0,INDEX('Справочник'!G:G,MATCH(A26,'Справочник'!F:F,0))))} | G26: =IF(A26>0,SUMIF('Барабан'!K:K,A26,'Барабан'!P:P),"") | H26: =IF(A26>0,SUMIF('Барабан'!V:V,A26,'Барабан'!AA:AA),"") | I26: =IF(A26>0,H26+F26-G26-D26,"") | J26: =IFERROR(IF(A26>0,I26/G26,""),"–") | K26: =IF(A26>0,COUNTIF('Барабан'!K:K,A26),"") | L26: =IF(A26>0,COUNTIF('Барабан'!V:V,A26),"") | M26: =IF(A26>0,IFERROR(O26-N26,TODAY()-N26),"") | N26: =IFERROR(__xludf.DUMMYFUNCTION("IF(A26>0,MIN(FILTER('Барабан'!AJ:AJ,'Барабан'!K:K=A26)),"""")"),"") | O26: =IFERROR(__xludf.DUMMYFUNCTION("IF(A26>0,IFERROR(MAX(FILTER('Барабан'!AJ:AJ,'Барабан'!V:V=A26)),""–""),"""")"),"")
A27: ='Справочник'!E22 | B27: =IF(A27>0,SUMIF('Барабан'!K:K,A27,'Барабан'!I:I),"") | C27: =IF(A27>0,SUMIF('Барабан'!V:V,A27,'Барабан'!T:T),"") | D27: =IF(A27>0,SUMIF('Барабан'!K:K,A27,'Барабан'!AG:AG)+SUMIF('Барабан'!V:V,A27,'Барабан'!AG:AG),"") | E27: =IF(A27>0,ROUND(B27-C27,0),"") | F27: {=IFERROR(IF(E27=0,0,INDEX('Справочник'!G:G,MATCH(A27,'Справочник'!F:F,0))))} | G27: =IF(A27>0,SUMIF('Барабан'!K:K,A27,'Барабан'!P:P),"") | H27: =IF(A27>0,SUMIF('Барабан'!V:V,A27,'Барабан'!AA:AA),"") | I27: =IF(A27>0,H27+F27-G27-D27,"") | J27: =IFERROR(IF(A27>0,I27/G27,""),"–") | K27: =IF(A27>0,COUNTIF('Барабан'!K:K,A27),"") | L27: =IF(A27>0,COUNTIF('Барабан'!V:V,A27),"") | M27: =IF(A27>0,IFERROR(O27-N27,TODAY()-N27),"") | N27: =IFERROR(__xludf.DUMMYFUNCTION("IF(A27>0,MIN(FILTER('Барабан'!AJ:AJ,'Барабан'!K:K=A27)),"""")"),"") | O27: =IFERROR(__xludf.DUMMYFUNCTION("IF(A27>0,IFERROR(MAX(FILTER('Барабан'!AJ:AJ,'Барабан'!V:V=A27)),""–""),"""")"),"")
A28: ='Справочник'!E23 | B28: =IF(A28>0,SUMIF('Барабан'!K:K,A28,'Барабан'!I:I),"") | C28: =IF(A28>0,SUMIF('Барабан'!V:V,A28,'Барабан'!T:T),"") | D28: =IF(A28>0,SUMIF('Барабан'!K:K,A28,'Барабан'!AG:AG)+SUMIF('Барабан'!V:V,A28,'Барабан'!AG:AG),"") | E28: =IF(A28>0,ROUND(B28-C28,0),"") | F28: {=IFERROR(IF(E28=0,0,INDEX('Справочник'!G:G,MATCH(A28,'Справочник'!F:F,0))))} | G28: =IF(A28>0,SUMIF('Барабан'!K:K,A28,'Барабан'!P:P),"") | H28: =IF(A28>0,SUMIF('Барабан'!V:V,A28,'Барабан'!AA:AA),"") | I28: =IF(A28>0,H28+F28-G28-D28,"") | J28: =IFERROR(IF(A28>0,I28/G28,""),"–") | K28: =IF(A28>0,COUNTIF('Барабан'!K:K,A28),"") | L28: =IF(A28>0,COUNTIF('Барабан'!V:V,A28),"") | M28: =IF(A28>0,IFERROR(O28-N28,TODAY()-N28),"") | N28: =IFERROR(__xludf.DUMMYFUNCTION("IF(A28>0,MIN(FILTER('Барабан'!AJ:AJ,'Барабан'!K:K=A28)),"""")"),"") | O28: =IFERROR(__xludf.DUMMYFUNCTION("IF(A28>0,IFERROR(MAX(FILTER('Барабан'!AJ:AJ,'Барабан'!V:V=A28)),""–""),"""")"),"")
A29: ='Справочник'!E24 | B29: =IF(A29>0,SUMIF('Барабан'!K:K,A29,'Барабан'!I:I),"") | C29: =IF(A29>0,SUMIF('Барабан'!V:V,A29,'Барабан'!T:T),"") | D29: =IF(A29>0,SUMIF('Барабан'!K:K,A29,'Барабан'!AG:AG)+SUMIF('Барабан'!V:V,A29,'Барабан'!AG:AG),"") | E29: =IF(A29>0,ROUND(B29-C29,0),"") | F29: {=IFERROR(IF(E29=0,0,INDEX('Справочник'!G:G,MATCH(A29,'Справочник'!F:F,0))))} | G29: =IF(A29>0,SUMIF('Барабан'!K:K,A29,'Барабан'!P:P),"") | H29: =IF(A29>0,SUMIF('Барабан'!V:V,A29,'Барабан'!AA:AA),"") | I29: =IF(A29>0,H29+F29-G29-D29,"") | J29: =IFERROR(IF(A29>0,I29/G29,""),"–") | K29: =IF(A29>0,COUNTIF('Барабан'!K:K,A29),"") | L29: =IF(A29>0,COUNTIF('Барабан'!V:V,A29),"") | M29: =IF(A29>0,IFERROR(O29-N29,TODAY()-N29),"") | N29: =IFERROR(__xludf.DUMMYFUNCTION("IF(A29>0,MIN(FILTER('Барабан'!AJ:AJ,'Барабан'!K:K=A29)),"""")"),"") | O29: =IFERROR(__xludf.DUMMYFUNCTION("IF(A29>0,IFERROR(MAX(FILTER('Барабан'!AJ:AJ,'Барабан'!V:V=A29)),""–""),"""")"),"")
A30: ='Справочник'!E25 | B30: =IF(A30>0,SUMIF('Барабан'!K:K,A30,'Барабан'!I:I),"") | C30: =IF(A30>0,SUMIF('Барабан'!V:V,A30,'Барабан'!T:T),"") | D30: =IF(A30>0,SUMIF('Барабан'!K:K,A30,'Барабан'!AG:AG)+SUMIF('Барабан'!V:V,A30,'Барабан'!AG:AG),"") | E30: =IF(A30>0,ROUND(B30-C30,0),"") | F30: {=IFERROR(IF(E30=0,0,INDEX('Справочник'!G:G,MATCH(A30,'Справочник'!F:F,0))))} | G30: =IF(A30>0,SUMIF('Барабан'!K:K,A30,'Барабан'!P:P),"") | H30: =IF(A30>0,SUMIF('Барабан'!V:V,A30,'Барабан'!AA:AA),"") | I30: =IF(A30>0,H30+F30-G30-D30,"") | J30: =IFERROR(IF(A30>0,I30/G30,""),"–") | K30: =IF(A30>0,COUNTIF('Барабан'!K:K,A30),"") | L30: =IF(A30>0,COUNTIF('Барабан'!V:V,A30),"") | M30: =IF(A30>0,IFERROR(O30-N30,TODAY()-N30),"") | N30: =IFERROR(__xludf.DUMMYFUNCTION("IF(A30>0,MIN(FILTER('Барабан'!AJ:AJ,'Барабан'!K:K=A30)),"""")"),"") | O30: =IFERROR(__xludf.DUMMYFUNCTION("IF(A30>0,IFERROR(MAX(FILTER('Барабан'!AJ:AJ,'Барабан'!V:V=A30)),""–""),"""")"),"")
A31: ='Справочник'!E26 | B31: =IF(A31>0,SUMIF('Барабан'!K:K,A31,'Барабан'!I:I),"") | C31: =IF(A31>0,SUMIF('Барабан'!V:V,A31,'Барабан'!T:T),"") | D31: =IF(A31>0,SUMIF('Барабан'!K:K,A31,'Барабан'!AG:AG)+SUMIF('Барабан'!V:V,A31,'Барабан'!AG:AG),"") | E31: =IF(A31>0,ROUND(B31-C31,0),"") | F31: {=IFERROR(IF(E31=0,0,INDEX('Справочник'!G:G,MATCH(A31,'Справочник'!F:F,0))))} | G31: =IF(A31>0,SUMIF('Барабан'!K:K,A31,'Барабан'!P:P),"") | H31: =IF(A31>0,SUMIF('Барабан'!V:V,A31,'Барабан'!AA:AA),"") | I31: =IF(A31>0,H31+F31-G31-D31,"") | J31: =IFERROR(IF(A31>0,I31/G31,""),"–") | K31: =IF(A31>0,COUNTIF('Барабан'!K:K,A31),"") | L31: =IF(A31>0,COUNTIF('Барабан'!V:V,A31),"") | M31: =IF(A31>0,IFERROR(O31-N31,TODAY()-N31),"") | N31: =IFERROR(__xludf.DUMMYFUNCTION("IF(A31>0,MIN(FILTER('Барабан'!AJ:AJ,'Барабан'!K:K=A31)),"""")"),"") | O31: =IFERROR(__xludf.DUMMYFUNCTION("IF(A31>0,IFERROR(MAX(FILTER('Барабан'!AJ:AJ,'Барабан'!V:V=A31)),""–""),"""")"),"")
A32: ='Справочник'!E27 | B32: =IF(A32>0,SUMIF('Барабан'!K:K,A32,'Барабан'!I:I),"") | C32: =IF(A32>0,SUMIF('Барабан'!V:V,A32,'Барабан'!T:T),"") | D32: =IF(A32>0,SUMIF('Барабан'!K:K,A32,'Барабан'!AG:AG)+SUMIF('Барабан'!V:V,A32,'Барабан'!AG:AG),"") | E32: =IF(A32>0,ROUND(B32-C32,0),"") | F32: {=IFERROR(IF(E32=0,0,INDEX('Справочник'!G:G,MATCH(A32,'Справочник'!F:F,0))))} | G32: =IF(A32>0,SUMIF('Барабан'!K:K,A32,'Барабан'!P:P),"") | H32: =IF(A32>0,SUMIF('Барабан'!V:V,A32,'Барабан'!AA:AA),"") | I32: =IF(A32>0,H32+F32-G32-D32,"") | J32: =IFERROR(IF(A32>0,I32/G32,""),"–") | K32: =IF(A32>0,COUNTIF('Барабан'!K:K,A32),"") | L32: =IF(A32>0,COUNTIF('Барабан'!V:V,A32),"") | M32: =IF(A32>0,IFERROR(O32-N32,TODAY()-N32),"") | N32: =IFERROR(__xludf.DUMMYFUNCTION("IF(A32>0,MIN(FILTER('Барабан'!AJ:AJ,'Барабан'!K:K=A32)),"""")"),"") | O32: =IFERROR(__xludf.DUMMYFUNCTION("IF(A32>0,IFERROR(MAX(FILTER('Барабан'!AJ:AJ,'Барабан'!V:V=A32)),""–""),"""")"),"")
A33: ='Справочник'!E28 | B33: =IF(A33>0,SUMIF('Барабан'!K:K,A33,'Барабан'!I:I),"") | C33: =IF(A33>0,SUMIF('Барабан'!V:V,A33,'Барабан'!T:T),"") | D33: =IF(A33>0,SUMIF('Барабан'!K:K,A33,'Барабан'!AG:AG)+SUMIF('Барабан'!V:V,A33,'Барабан'!AG:AG),"") | E33: =IF(A33>0,ROUND(B33-C33,0),"") | F33: {=IFERROR(IF(E33=0,0,INDEX('Справочник'!G:G,MATCH(A33,'Справочник'!F:F,0))))} | G33: =IF(A33>0,SUMIF('Барабан'!K:K,A33,'Барабан'!P:P),"") | H33: =IF(A33>0,SUMIF('Барабан'!V:V,A33,'Барабан'!AA:AA),"") | I33: =IF(A33>0,H33+F33-G33-D33,"") | J33: =IFERROR(IF(A33>0,I33/G33,""),"–") | K33: =IF(A33>0,COUNTIF('Барабан'!K:K,A33),"") | L33: =IF(A33>0,COUNTIF('Барабан'!V:V,A33),"") | M33: =IF(A33>0,IFERROR(O33-N33,TODAY()-N33),"") | N33: =IFERROR(__xludf.DUMMYFUNCTION("IF(A33>0,MIN(FILTER('Барабан'!AJ:AJ,'Барабан'!K:K=A33)),"""")"),"") | O33: =IFERROR(__xludf.DUMMYFUNCTION("IF(A33>0,IFERROR(MAX(FILTER('Барабан'!AJ:AJ,'Барабан'!V:V=A33)),""–""),"""")"),"")
A34: ='Справочник'!E29 | B34: =IF(A34>0,SUMIF('Барабан'!K:K,A34,'Барабан'!I:I),"") | C34: =IF(A34>0,SUMIF('Барабан'!V:V,A34,'Барабан'!T:T),"") | D34: =IF(A34>0,SUMIF('Барабан'!K:K,A34,'Барабан'!AG:AG)+SUMIF('Барабан'!V:V,A34,'Барабан'!AG:AG),"") | E34: =IF(A34>0,ROUND(B34-C34,0),"") | F34: {=IFERROR(IF(E34=0,0,INDEX('Справочник'!G:G,MATCH(A34,'Справочник'!F:F,0))))} | G34: =IF(A34>0,SUMIF('Барабан'!K:K,A34,'Барабан'!P:P),"") | H34: =IF(A34>0,SUMIF('Барабан'!V:V,A34,'Барабан'!AA:AA),"") | I34: =IF(A34>0,H34+F34-G34-D34,"") | J34: =IFERROR(IF(A34>0,I34/G34,""),"–") | K34: =IF(A34>0,COUNTIF('Барабан'!K:K,A34),"") | L34: =IF(A34>0,COUNTIF('Барабан'!V:V,A34),"") | M34: =IF(A34>0,IFERROR(O34-N34,TODAY()-N34),"") | N34: =IFERROR(__xludf.DUMMYFUNCTION("IF(A34>0,MIN(FILTER('Барабан'!AJ:AJ,'Барабан'!K:K=A34)),"""")"),"") | O34: =IFERROR(__xludf.DUMMYFUNCTION("IF(A34>0,IFERROR(MAX(FILTER('Барабан'!AJ:AJ,'Барабан'!V:V=A34)),""–""),"""")"),"")
A35: ='Справочник'!E30 | B35: =IF(A35>0,SUMIF('Барабан'!K:K,A35,'Барабан'!I:I),"") | C35: =IF(A35>0,SUMIF('Барабан'!V:V,A35,'Барабан'!T:T),"") | D35: =IF(A35>0,SUMIF('Барабан'!K:K,A35,'Барабан'!AG:AG)+SUMIF('Барабан'!V:V,A35,'Барабан'!AG:AG),"") | E35: =IF(A35>0,ROUND(B35-C35,0),"") | F35: {=IFERROR(IF(E35=0,0,INDEX('Справочник'!G:G,MATCH(A35,'Справочник'!F:F,0))))} | G35: =IF(A35>0,SUMIF('Барабан'!K:K,A35,'Барабан'!P:P),"") | H35: =IF(A35>0,SUMIF('Барабан'!V:V,A35,'Барабан'!AA:AA),"") | I35: =IF(A35>0,H35+F35-G35-D35,"") | J35: =IFERROR(IF(A35>0,I35/G35,""),"–") | K35: =IF(A35>0,COUNTIF('Барабан'!K:K,A35),"") | L35: =IF(A35>0,COUNTIF('Барабан'!V:V,A35),"") | M35: =IF(A35>0,IFERROR(O35-N35,TODAY()-N35),"") | N35: =IFERROR(__xludf.DUMMYFUNCTION("IF(A35>0,MIN(FILTER('Барабан'!AJ:AJ,'Барабан'!K:K=A35)),"""")"),"") | O35: =IFERROR(__xludf.DUMMYFUNCTION("IF(A35>0,IFERROR(MAX(FILTER('Барабан'!AJ:AJ,'Барабан'!V:V=A35)),""–""),"""")"),"")
A36: ='Справочник'!E31 | B36: =IF(A36>0,SUMIF('Барабан'!K:K,A36,'Барабан'!I:I),"") | C36: =IF(A36>0,SUMIF('Барабан'!V:V,A36,'Барабан'!T:T),"") | D36: =IF(A36>0,SUMIF('Барабан'!K:K,A36,'Барабан'!AG:AG)+SUMIF('Барабан'!V:V,A36,'Барабан'!AG:AG),"") | E36: =IF(A36>0,ROUND(B36-C36,0),"") | F36: {=IFERROR(IF(E36=0,0,INDEX('Справочник'!G:G,MATCH(A36,'Справочник'!F:F,0))))} | G36: =IF(A36>0,SUMIF('Барабан'!K:K,A36,'Барабан'!P:P),"") | H36: =IF(A36>0,SUMIF('Барабан'!V:V,A36,'Барабан'!AA:AA),"") | I36: =IF(A36>0,H36+F36-G36-D36,"") | J36: =IFERROR(IF(A36>0,I36/G36,""),"–") | K36: =IF(A36>0,COUNTIF('Барабан'!K:K,A36),"") | L36: =IF(A36>0,COUNTIF('Барабан'!V:V,A36),"") | M36: =IF(A36>0,IFERROR(O36-N36,TODAY()-N36),"") | N36: =IFERROR(__xludf.DUMMYFUNCTION("IF(A36>0,MIN(FILTER('Барабан'!AJ:AJ,'Барабан'!K:K=A36)),"""")"),"") | O36: =IFERROR(__xludf.DUMMYFUNCTION("IF(A36>0,IFERROR(MAX(FILTER('Барабан'!AJ:AJ,'Барабан'!V:V=A36)),""–""),"""")"),"")
A37: ='Справочник'!E32 | B37: =IF(A37>0,SUMIF('Барабан'!K:K,A37,'Барабан'!I:I),"") | C37: =IF(A37>0,SUMIF('Барабан'!V:V,A37,'Барабан'!T:T),"") | D37: =IF(A37>0,SUMIF('Барабан'!K:K,A37,'Барабан'!AG:AG)+SUMIF('Барабан'!V:V,A37,'Барабан'!AG:AG),"") | E37: =IF(A37>0,ROUND(B37-C37,0),"") | F37: {=IFERROR(IF(E37=0,0,INDEX('Справочник'!G:G,MATCH(A37,'Справочник'!F:F,0))))} | G37: =IF(A37>0,SUMIF('Барабан'!K:K,A37,'Барабан'!P:P),"") | H37: =IF(A37>0,SUMIF('Барабан'!V:V,A37,'Барабан'!AA:AA),"") | I37: =IF(A37>0,H37+F37-G37-D37,"") | J37: =IFERROR(IF(A37>0,I37/G37,""),"–") | K37: =IF(A37>0,COUNTIF('Барабан'!K:K,A37),"") | L37: =IF(A37>0,COUNTIF('Барабан'!V:V,A37),"") | M37: =IF(A37>0,IFERROR(O37-N37,TODAY()-N37),"") | N37: =IFERROR(__xludf.DUMMYFUNCTION("IF(A37>0,MIN(FILTER('Барабан'!AJ:AJ,'Барабан'!K:K=A37)),"""")"),"") | O37: =IFERROR(__xludf.DUMMYFUNCTION("IF(A37>0,IFERROR(MAX(FILTER('Барабан'!AJ:AJ,'Барабан'!V:V=A37)),""–""),"""")"),"")
A38: ='Справочник'!E33 | B38: =IF(A38>0,SUMIF('Барабан'!K:K,A38,'Барабан'!I:I),"") | C38: =IF(A38>0,SUMIF('Барабан'!V:V,A38,'Барабан'!T:T),"") | D38: =IF(A38>0,SUMIF('Барабан'!K:K,A38,'Барабан'!AG:AG)+SUMIF('Барабан'!V:V,A38,'Барабан'!AG:AG),"") | E38: =IF(A38>0,ROUND(B38-C38,0),"") | F38: {=IFERROR(IF(E38=0,0,INDEX('Справочник'!G:G,MATCH(A38,'Справочник'!F:F,0))))} | G38: =IF(A38>0,SUMIF('Барабан'!K:K,A38,'Барабан'!P:P),"") | H38: =IF(A38>0,SUMIF('Барабан'!V:V,A38,'Барабан'!AA:AA),"") | I38: =IF(A38>0,H38+F38-G38-D38,"") | J38: =IFERROR(IF(A38>0,I38/G38,""),"–") | K38: =IF(A38>0,COUNTIF('Барабан'!K:K,A38),"") | L38: =IF(A38>0,COUNTIF('Барабан'!V:V,A38),"") | M38: =IF(A38>0,IFERROR(O38-N38,TODAY()-N38),"") | N38: =IFERROR(__xludf.DUMMYFUNCTION("IF(A38>0,MIN(FILTER('Барабан'!AJ:AJ,'Барабан'!K:K=A38)),"""")"),"") | O38: =IFERROR(__xludf.DUMMYFUNCTION("IF(A38>0,IFERROR(MAX(FILTER('Барабан'!AJ:AJ,'Барабан'!V:V=A38)),""–""),"""")"),"")
A39: ='Справочник'!E34 | B39: =IF(A39>0,SUMIF('Барабан'!K:K,A39,'Барабан'!I:I),"") | C39: =IF(A39>0,SUMIF('Барабан'!V:V,A39,'Барабан'!T:T),"") | D39: =IF(A39>0,SUMIF('Барабан'!K:K,A39,'Барабан'!AG:AG)+SUMIF('Барабан'!V:V,A39,'Барабан'!AG:AG),"") | E39: =IF(A39>0,ROUND(B39-C39,0),"") | F39: {=IFERROR(IF(E39=0,0,INDEX('Справочник'!G:G,MATCH(A39,'Справочник'!F:F,0))))} | G39: =IF(A39>0,SUMIF('Барабан'!K:K,A39,'Барабан'!P:P),"") | H39: =IF(A39>0,SUMIF('Барабан'!V:V,A39,'Барабан'!AA:AA),"") | I39: =IF(A39>0,H39+F39-G39-D39,"") | J39: =IFERROR(IF(A39>0,I39/G39,""),"–") | K39: =IF(A39>0,COUNTIF('Барабан'!K:K,A39),"") | L39: =IF(A39>0,COUNTIF('Барабан'!V:V,A39),"") | M39: =IF(A39>0,IFERROR(O39-N39,TODAY()-N39),"") | N39: =IFERROR(__xludf.DUMMYFUNCTION("IF(A39>0,MIN(FILTER('Барабан'!AJ:AJ,'Барабан'!K:K=A39)),"""")"),"") | O39: =IFERROR(__xludf.DUMMYFUNCTION("IF(A39>0,IFERROR(MAX(FILTER('Барабан'!AJ:AJ,'Барабан'!V:V=A39)),""–""),"""")"),"")
A40: ='Справочник'!E35 | B40: =IF(A40>0,SUMIF('Барабан'!K:K,A40,'Барабан'!I:I),"") | C40: =IF(A40>0,SUMIF('Барабан'!V:V,A40,'Барабан'!T:T),"") | D40: =IF(A40>0,SUMIF('Барабан'!K:K,A40,'Барабан'!AG:AG)+SUMIF('Барабан'!V:V,A40,'Барабан'!AG:AG),"") | E40: =IF(A40>0,ROUND(B40-C40,0),"") | F40: {=IFERROR(IF(E40=0,0,INDEX('Справочник'!G:G,MATCH(A40,'Справочник'!F:F,0))))} | G40: =IF(A40>0,SUMIF('Барабан'!K:K,A40,'Барабан'!P:P),"") | H40: =IF(A40>0,SUMIF('Барабан'!V:V,A40,'Барабан'!AA:AA),"") | I40: =IF(A40>0,H40+F40-G40-D40,"") | J40: =IFERROR(IF(A40>0,I40/G40,""),"–") | K40: =IF(A40>0,COUNTIF('Барабан'!K:K,A40),"") | L40: =IF(A40>0,COUNTIF('Барабан'!V:V,A40),"") | M40: =IF(A40>0,IFERROR(O40-N40,TODAY()-N40),"") | N40: =IFERROR(__xludf.DUMMYFUNCTION("IF(A40>0,MIN(FILTER('Барабан'!AJ:AJ,'Барабан'!K:K=A40)),"""")"),"") | O40: =IFERROR(__xludf.DUMMYFUNCTION("IF(A40>0,IFERROR(MAX(FILTER('Барабан'!AJ:AJ,'Барабан'!V:V=A40)),""–""),"""")"),"")
A41: ='Справочник'!E36 | B41: =IF(A41>0,SUMIF('Барабан'!K:K,A41,'Барабан'!I:I),"") | C41: =IF(A41>0,SUMIF('Барабан'!V:V,A41,'Барабан'!T:T),"") | D41: =IF(A41>0,SUMIF('Барабан'!K:K,A41,'Барабан'!AG:AG)+SUMIF('Барабан'!V:V,A41,'Барабан'!AG:AG),"") | E41: =IF(A41>0,ROUND(B41-C41,0),"") | F41: {=IFERROR(IF(E41=0,0,INDEX('Справочник'!G:G,MATCH(A41,'Справочник'!F:F,0))))} | G41: =IF(A41>0,SUMIF('Барабан'!K:K,A41,'Барабан'!P:P),"") | H41: =IF(A41>0,SUMIF('Барабан'!V:V,A41,'Барабан'!AA:AA),"") | I41: =IF(A41>0,H41+F41-G41-D41,"") | J41: =IFERROR(IF(A41>0,I41/G41,""),"–") | K41: =IF(A41>0,COUNTIF('Барабан'!K:K,A41),"") | L41: =IF(A41>0,COUNTIF('Барабан'!V:V,A41),"") | M41: =IF(A41>0,IFERROR(O41-N41,TODAY()-N41),"") | N41: =IFERROR(__xludf.DUMMYFUNCTION("IF(A41>0,MIN(FILTER('Барабан'!AJ:AJ,'Барабан'!K:K=A41)),"""")"),"") | O41: =IFERROR(__xludf.DUMMYFUNCTION("IF(A41>0,IFERROR(MAX(FILTER('Барабан'!AJ:AJ,'Барабан'!V:V=A41)),""–""),"""")"),"")
A42: ='Справочник'!E37 | B42: =IF(A42>0,SUMIF('Барабан'!K:K,A42,'Барабан'!I:I),"") | C42: =IF(A42>0,SUMIF('Барабан'!V:V,A42,'Барабан'!T:T),"") | D42: =IF(A42>0,SUMIF('Барабан'!K:K,A42,'Барабан'!AG:AG)+SUMIF('Барабан'!V:V,A42,'Барабан'!AG:AG),"") | E42: =IF(A42>0,ROUND(B42-C42,0),"") | F42: {=IFERROR(IF(E42=0,0,INDEX('Справочник'!G:G,MATCH(A42,'Справочник'!F:F,0))))} | G42: =IF(A42>0,SUMIF('Барабан'!K:K,A42,'Барабан'!P:P),"") | H42: =IF(A42>0,SUMIF('Барабан'!V:V,A42,'Барабан'!AA:AA),"") | I42: =IF(A42>0,H42+F42-G42-D42,"") | J42: =IFERROR(IF(A42>0,I42/G42,""),"–") | K42: =IF(A42>0,COUNTIF('Барабан'!K:K,A42),"") | L42: =IF(A42>0,COUNTIF('Барабан'!V:V,A42),"") | M42: =IF(A42>0,IFERROR(O42-N42,TODAY()-N42),"") | N42: =IFERROR(__xludf.DUMMYFUNCTION("IF(A42>0,MIN(FILTER('Барабан'!AJ:AJ,'Барабан'!K:K=A42)),"""")"),"") | O42: =IFERROR(__xludf.DUMMYFUNCTION("IF(A42>0,IFERROR(MAX(FILTER('Барабан'!AJ:AJ,'Барабан'!V:V=A42)),""–""),"""")"),"")
A43: ='Справочник'!E38 | B43: =IF(A43>0,SUMIF('Барабан'!K:K,A43,'Барабан'!I:I),"") | C43: =IF(A43>0,SUMIF('Барабан'!V:V,A43,'Барабан'!T:T),"") | D43: =IF(A43>0,SUMIF('Барабан'!K:K,A43,'Барабан'!AG:AG)+SUMIF('Барабан'!V:V,A43,'Барабан'!AG:AG),"") | E43: =IF(A43>0,ROUND(B43-C43,0),"") | F43: {=IFERROR(IF(E43=0,0,INDEX('Справочник'!G:G,MATCH(A43,'Справочник'!F:F,0))))} | G43: =IF(A43>0,SUMIF('Барабан'!K:K,A43,'Барабан'!P:P),"") | H43: =IF(A43>0,SUMIF('Барабан'!V:V,A43,'Барабан'!AA:AA),"") | I43: =IF(A43>0,H43+F43-G43-D43,"") | J43: =IFERROR(IF(A43>0,I43/G43,""),"–") | K43: =IF(A43>0,COUNTIF('Барабан'!K:K,A43),"") | L43: =IF(A43>0,COUNTIF('Барабан'!V:V,A43),"") | M43: =IF(A43>0,IFERROR(O43-N43,TODAY()-N43),"") | N43: =IFERROR(__xludf.DUMMYFUNCTION("IF(A43>0,MIN(FILTER('Барабан'!AJ:AJ,'Барабан'!K:K=A43)),"""")"),"") | O43: =IFERROR(__xludf.DUMMYFUNCTION("IF(A43>0,IFERROR(MAX(FILTER('Барабан'!AJ:AJ,'Барабан'!V:V=A43)),""–""),"""")"),"")
A44: ='Справочник'!E39 | B44: =IF(A44>0,SUMIF('Барабан'!K:K,A44,'Барабан'!I:I),"") | C44: =IF(A44>0,SUMIF('Барабан'!V:V,A44,'Барабан'!T:T),"") | D44: =IF(A44>0,SUMIF('Барабан'!K:K,A44,'Барабан'!AG:AG)+SUMIF('Барабан'!V:V,A44,'Барабан'!AG:AG),"") | E44: =IF(A44>0,ROUND(B44-C44,0),"") | F44: {=IFERROR(IF(E44=0,0,INDEX('Справочник'!G:G,MATCH(A44,'Справочник'!F:F,0))))} | G44: =IF(A44>0,SUMIF('Барабан'!K:K,A44,'Барабан'!P:P),"") | H44: =IF(A44>0,SUMIF('Барабан'!V:V,A44,'Барабан'!AA:AA),"") | I44: =IF(A44>0,H44+F44-G44-D44,"") | J44: =IFERROR(IF(A44>0,I44/G44,""),"–") | K44: =IF(A44>0,COUNTIF('Барабан'!K:K,A44),"") | L44: =IF(A44>0,COUNTIF('Барабан'!V:V,A44),"") | M44: =IF(A44>0,IFERROR(O44-N44,TODAY()-N44),"") | N44: =IFERROR(__xludf.DUMMYFUNCTION("IF(A44>0,MIN(FILTER('Барабан'!AJ:AJ,'Барабан'!K:K=A44)),"""")"),"") | O44: =IFERROR(__xludf.DUMMYFUNCTION("IF(A44>0,IFERROR(MAX(FILTER('Барабан'!AJ:AJ,'Барабан'!V:V=A44)),""–""),"""")"),"")
A45: ='Справочник'!E40 | B45: =IF(A45>0,SUMIF('Барабан'!K:K,A45,'Барабан'!I:I),"") | C45: =IF(A45>0,SUMIF('Барабан'!V:V,A45,'Барабан'!T:T),"") | D45: =IF(A45>0,SUMIF('Барабан'!K:K,A45,'Барабан'!AG:AG)+SUMIF('Барабан'!V:V,A45,'Барабан'!AG:AG),"") | E45: =IF(A45>0,ROUND(B45-C45,0),"") | F45: {=IFERROR(IF(E45=0,0,INDEX('Справочник'!G:G,MATCH(A45,'Справочник'!F:F,0))))} | G45: =IF(A45>0,SUMIF('Барабан'!K:K,A45,'Барабан'!P:P),"") | H45: =IF(A45>0,SUMIF('Барабан'!V:V,A45,'Барабан'!AA:AA),"") | I45: =IF(A45>0,H45+F45-G45-D45,"") | J45: =IFERROR(IF(A45>0,I45/G45,""),"–") | K45: =IF(A45>0,COUNTIF('Барабан'!K:K,A45),"") | L45: =IF(A45>0,COUNTIF('Барабан'!V:V,A45),"") | M45: =IF(A45>0,IFERROR(O45-N45,TODAY()-N45),"") | N45: =IFERROR(__xludf.DUMMYFUNCTION("IF(A45>0,MIN(FILTER('Барабан'!AJ:AJ,'Барабан'!K:K=A45)),"""")"),"") | O45: =IFERROR(__xludf.DUMMYFUNCTION("IF(A45>0,IFERROR(MAX(FILTER('Барабан'!AJ:AJ,'Барабан'!V:V=A45)),""–""),"""")"),"")
A46: ='Справочник'!E41 | B46: =IF(A46>0,SUMIF('Барабан'!K:K,A46,'Барабан'!I:I),"") | C46: =IF(A46>0,SUMIF('Барабан'!V:V,A46,'Барабан'!T:T),"") | D46: =IF(A46>0,SUMIF('Барабан'!K:K,A46,'Барабан'!AG:AG)+SUMIF('Барабан'!V:V,A46,'Барабан'!AG:AG),"") | E46: =IF(A46>0,ROUND(B46-C46,0),"") | F46: {=IFERROR(IF(E46=0,0,INDEX('Справочник'!G:G,MATCH(A46,'Справочник'!F:F,0))))} | G46: =IF(A46>0,SUMIF('Барабан'!K:K,A46,'Барабан'!P:P),"") | H46: =IF(A46>0,SUMIF('Барабан'!V:V,A46,'Барабан'!AA:AA),"") | I46: =IF(A46>0,H46+F46-G46-D46,"") | J46: =IFERROR(IF(A46>0,I46/G46,""),"–") | K46: =IF(A46>0,COUNTIF('Барабан'!K:K,A46),"") | L46: =IF(A46>0,COUNTIF('Барабан'!V:V,A46),"") | M46: =IF(A46>0,IFERROR(O46-N46,TODAY()-N46),"") | N46: =IFERROR(__xludf.DUMMYFUNCTION("IF(A46>0,MIN(FILTER('Барабан'!AJ:AJ,'Барабан'!K:K=A46)),"""")"),"") | O46: =IFERROR(__xludf.DUMMYFUNCTION("IF(A46>0,IFERROR(MAX(FILTER('Барабан'!AJ:AJ,'Барабан'!V:V=A46)),""–""),"""")"),"")
A47: ='Справочник'!E42 | B47: =IF(A47>0,SUMIF('Барабан'!K:K,A47,'Барабан'!I:I),"") | C47: =IF(A47>0,SUMIF('Барабан'!V:V,A47,'Барабан'!T:T),"") | D47: =IF(A47>0,SUMIF('Барабан'!K:K,A47,'Барабан'!AG:AG)+SUMIF('Барабан'!V:V,A47,'Барабан'!AG:AG),"") | E47: =IF(A47>0,ROUND(B47-C47,0),"") | F47: {=IFERROR(IF(E47=0,0,INDEX('Справочник'!G:G,MATCH(A47,'Справочник'!F:F,0))))} | G47: =IF(A47>0,SUMIF('Барабан'!K:K,A47,'Барабан'!P:P),"") | H47: =IF(A47>0,SUMIF('Барабан'!V:V,A47,'Барабан'!AA:AA),"") | I47: =IF(A47>0,H47+F47-G47-D47,"") | J47: =IFERROR(IF(A47>0,I47/G47,""),"–") | K47: =IF(A47>0,COUNTIF('Барабан'!K:K,A47),"") | L47: =IF(A47>0,COUNTIF('Барабан'!V:V,A47),"") | M47: =IF(A47>0,IFERROR(O47-N47,TODAY()-N47),"") | N47: =IFERROR(__xludf.DUMMYFUNCTION("IF(A47>0,MIN(FILTER('Барабан'!AJ:AJ,'Барабан'!K:K=A47)),"""")"),"") | O47: =IFERROR(__xludf.DUMMYFUNCTION("IF(A47>0,IFERROR(MAX(FILTER('Барабан'!AJ:AJ,'Барабан'!V:V=A47)),""–""),"""")"),"")
A48: ='Справочник'!E43 | B48: =IF(A48>0,SUMIF('Барабан'!K:K,A48,'Барабан'!I:I),"") | C48: =IF(A48>0,SUMIF('Барабан'!V:V,A48,'Барабан'!T:T),"") | D48: =IF(A48>0,SUMIF('Барабан'!K:K,A48,'Барабан'!AG:AG)+SUMIF('Барабан'!V:V,A48,'Барабан'!AG:AG),"") | E48: =IF(A48>0,ROUND(B48-C48,0),"") | F48: {=IFERROR(IF(E48=0,0,INDEX('Справочник'!G:G,MATCH(A48,'Справочник'!F:F,0))))} | G48: =IF(A48>0,SUMIF('Барабан'!K:K,A48,'Барабан'!P:P),"") | H48: =IF(A48>0,SUMIF('Барабан'!V:V,A48,'Барабан'!AA:AA),"") | I48: =IF(A48>0,H48+F48-G48-D48,"") | J48: =IFERROR(IF(A48>0,I48/G48,""),"–") | K48: =IF(A48>0,COUNTIF('Барабан'!K:K,A48),"") | L48: =IF(A48>0,COUNTIF('Барабан'!V:V,A48),"") | M48: =IF(A48>0,IFERROR(O48-N48,TODAY()-N48),"") | N48: =IFERROR(__xludf.DUMMYFUNCTION("IF(A48>0,MIN(FILTER('Барабан'!AJ:AJ,'Барабан'!K:K=A48)),"""")"),"") | O48: =IFERROR(__xludf.DUMMYFUNCTION("IF(A48>0,IFERROR(MAX(FILTER('Барабан'!AJ:AJ,'Барабан'!V:V=A48)),""–""),"""")"),"")
A49: ='Справочник'!E44 | B49: =IF(A49>0,SUMIF('Барабан'!K:K,A49,'Барабан'!I:I),"") | C49: =IF(A49>0,SUMIF('Барабан'!V:V,A49,'Барабан'!T:T),"") | D49: =IF(A49>0,SUMIF('Барабан'!K:K,A49,'Барабан'!AG:AG)+SUMIF('Барабан'!V:V,A49,'Барабан'!AG:AG),"") | E49: =IF(A49>0,ROUND(B49-C49,0),"") | F49: {=IFERROR(IF(E49=0,0,INDEX('Справочник'!G:G,MATCH(A49,'Справочник'!F:F,0))))} | G49: =IF(A49>0,SUMIF('Барабан'!K:K,A49,'Барабан'!P:P),"") | H49: =IF(A49>0,SUMIF('Барабан'!V:V,A49,'Барабан'!AA:AA),"") | I49: =IF(A49>0,H49+F49-G49-D49,"") | J49: =IFERROR(IF(A49>0,I49/G49,""),"–") | K49: =IF(A49>0,COUNTIF('Барабан'!K:K,A49),"") | L49: =IF(A49>0,COUNTIF('Барабан'!V:V,A49),"") | M49: =IF(A49>0,IFERROR(O49-N49,TODAY()-N49),"") | N49: =IFERROR(__xludf.DUMMYFUNCTION("IF(A49>0,MIN(FILTER('Барабан'!AJ:AJ,'Барабан'!K:K=A49)),"""")"),"") | O49: =IFERROR(__xludf.DUMMYFUNCTION("IF(A49>0,IFERROR(MAX(FILTER('Барабан'!AJ:AJ,'Барабан'!V:V=A49)),""–""),"""")"),"")
A50: ='Справочник'!E45 | B50: =IF(A50>0,SUMIF('Барабан'!K:K,A50,'Барабан'!I:I),"") | C50: =IF(A50>0,SUMIF('Барабан'!V:V,A50,'Барабан'!T:T),"") | D50: =IF(A50>0,SUMIF('Барабан'!K:K,A50,'Барабан'!AG:AG)+SUMIF('Барабан'!V:V,A50,'Барабан'!AG:AG),"") | E50: =IF(A50>0,ROUND(B50-C50,0),"") | F50: {=IFERROR(IF(E50=0,0,INDEX('Справочник'!G:G,MATCH(A50,'Справочник'!F:F,0))))} | G50: =IF(A50>0,SUMIF('Барабан'!K:K,A50,'Барабан'!P:P),"") | H50: =IF(A50>0,SUMIF('Барабан'!V:V,A50,'Барабан'!AA:AA),"") | I50: =IF(A50>0,H50+F50-G50-D50,"") | J50: =IFERROR(IF(A50>0,I50/G50,""),"–") | K50: =IF(A50>0,COUNTIF('Барабан'!K:K,A50),"") | L50: =IF(A50>0,COUNTIF('Барабан'!V:V,A50),"") | M50: =IF(A50>0,IFERROR(O50-N50,TODAY()-N50),"") | N50: =IFERROR(__xludf.DUMMYFUNCTION("IF(A50>0,MIN(FILTER('Барабан'!AJ:AJ,'Барабан'!K:K=A50)),"""")"),"") | O50: =IFERROR(__xludf.DUMMYFUNCTION("IF(A50>0,IFERROR(MAX(FILTER('Барабан'!AJ:AJ,'Барабан'!V:V=A50)),""–""),"""")"),"")
A51: ='Справочник'!E46 | B51: =IF(A51>0,SUMIF('Барабан'!K:K,A51,'Барабан'!I:I),"") | C51: =IF(A51>0,SUMIF('Барабан'!V:V,A51,'Барабан'!T:T),"") | D51: =IF(A51>0,SUMIF('Барабан'!K:K,A51,'Барабан'!AG:AG)+SUMIF('Барабан'!V:V,A51,'Барабан'!AG:AG),"") | E51: =IF(A51>0,ROUND(B51-C51,0),"") | F51: {=IFERROR(IF(E51=0,0,INDEX('Справочник'!G:G,MATCH(A51,'Справочник'!F:F,0))))} | G51: =IF(A51>0,SUMIF('Барабан'!K:K,A51,'Барабан'!P:P),"") | H51: =IF(A51>0,SUMIF('Барабан'!V:V,A51,'Барабан'!AA:AA),"") | I51: =IF(A51>0,H51+F51-G51-D51,"") | J51: =IFERROR(IF(A51>0,I51/G51,""),"–") | K51: =IF(A51>0,COUNTIF('Барабан'!K:K,A51),"") | L51: =IF(A51>0,COUNTIF('Барабан'!V:V,A51),"") | M51: =IF(A51>0,IFERROR(O51-N51,TODAY()-N51),"") | N51: =IFERROR(__xludf.DUMMYFUNCTION("IF(A51>0,MIN(FILTER('Барабан'!AJ:AJ,'Барабан'!K:K=A51)),"""")"),"") | O51: =IFERROR(__xludf.DUMMYFUNCTION("IF(A51>0,IFERROR(MAX(FILTER('Барабан'!AJ:AJ,'Барабан'!V:V=A51)),""–""),"""")"),"")
A52: ='Справочник'!E47 | B52: =IF(A52>0,SUMIF('Барабан'!K:K,A52,'Барабан'!I:I),"") | C52: =IF(A52>0,SUMIF('Барабан'!V:V,A52,'Барабан'!T:T),"") | D52: =IF(A52>0,SUMIF('Барабан'!K:K,A52,'Барабан'!AG:AG)+SUMIF('Барабан'!V:V,A52,'Барабан'!AG:AG),"") | E52: =IF(A52>0,ROUND(B52-C52,0),"") | F52: {=IFERROR(IF(E52=0,0,INDEX('Справочник'!G:G,MATCH(A52,'Справочник'!F:F,0))))} | G52: =IF(A52>0,SUMIF('Барабан'!K:K,A52,'Барабан'!P:P),"") | H52: =IF(A52>0,SUMIF('Барабан'!V:V,A52,'Барабан'!AA:AA),"") | I52: =IF(A52>0,H52+F52-G52-D52,"") | J52: =IFERROR(IF(A52>0,I52/G52,""),"–") | K52: =IF(A52>0,COUNTIF('Барабан'!K:K,A52),"") | L52: =IF(A52>0,COUNTIF('Барабан'!V:V,A52),"") | M52: =IF(A52>0,IFERROR(O52-N52,TODAY()-N52),"") | N52: =IFERROR(__xludf.DUMMYFUNCTION("IF(A52>0,MIN(FILTER('Барабан'!AJ:AJ,'Барабан'!K:K=A52)),"""")"),"") | O52: =IFERROR(__xludf.DUMMYFUNCTION("IF(A52>0,IFERROR(MAX(FILTER('Барабан'!AJ:AJ,'Барабан'!V:V=A52)),""–""),"""")"),"")
A53: ='Справочник'!E48 | B53: =IF(A53>0,SUMIF('Барабан'!K:K,A53,'Барабан'!I:I),"") | C53: =IF(A53>0,SUMIF('Барабан'!V:V,A53,'Барабан'!T:T),"") | D53: =IF(A53>0,SUMIF('Барабан'!K:K,A53,'Барабан'!AG:AG)+SUMIF('Барабан'!V:V,A53,'Барабан'!AG:AG),"") | E53: =IF(A53>0,ROUND(B53-C53,0),"") | F53: {=IFERROR(IF(E53=0,0,INDEX('Справочник'!G:G,MATCH(A53,'Справочник'!F:F,0))))} | G53: =IF(A53>0,SUMIF('Барабан'!K:K,A53,'Барабан'!P:P),"") | H53: =IF(A53>0,SUMIF('Барабан'!V:V,A53,'Барабан'!AA:AA),"") | I53: =IF(A53>0,H53+F53-G53-D53,"") | J53: =IFERROR(IF(A53>0,I53/G53,""),"–") | K53: =IF(A53>0,COUNTIF('Барабан'!K:K,A53),"") | L53: =IF(A53>0,COUNTIF('Барабан'!V:V,A53),"") | M53: =IF(A53>0,IFERROR(O53-N53,TODAY()-N53),"") | N53: =IFERROR(__xludf.DUMMYFUNCTION("IF(A53>0,MIN(FILTER('Барабан'!AJ:AJ,'Барабан'!K:K=A53)),"""")"),"") | O53: =IFERROR(__xludf.DUMMYFUNCTION("IF(A53>0,IFERROR(MAX(FILTER('Барабан'!AJ:AJ,'Барабан'!V:V=A53)),""–""),"""")"),"")
A54: ='Справочник'!E49 | B54: =IF(A54>0,SUMIF('Барабан'!K:K,A54,'Барабан'!I:I),"") | C54: =IF(A54>0,SUMIF('Барабан'!V:V,A54,'Барабан'!T:T),"") | D54: =IF(A54>0,SUMIF('Барабан'!K:K,A54,'Барабан'!AG:AG)+SUMIF('Барабан'!V:V,A54,'Барабан'!AG:AG),"") | E54: =IF(A54>0,ROUND(B54-C54,0),"") | F54: {=IFERROR(IF(E54=0,0,INDEX('Справочник'!G:G,MATCH(A54,'Справочник'!F:F,0))))} | G54: =IF(A54>0,SUMIF('Барабан'!K:K,A54,'Барабан'!P:P),"") | H54: =IF(A54>0,SUMIF('Барабан'!V:V,A54,'Барабан'!AA:AA),"") | I54: =IF(A54>0,H54+F54-G54-D54,"") | J54: =IFERROR(IF(A54>0,I54/G54,""),"–") | K54: =IF(A54>0,COUNTIF('Барабан'!K:K,A54),"") | L54: =IF(A54>0,COUNTIF('Барабан'!V:V,A54),"") | M54: =IF(A54>0,IFERROR(O54-N54,TODAY()-N54),"") | N54: =IFERROR(__xludf.DUMMYFUNCTION("IF(A54>0,MIN(FILTER('Барабан'!AJ:AJ,'Барабан'!K:K=A54)),"""")"),"") | O54: =IFERROR(__xludf.DUMMYFUNCTION("IF(A54>0,IFERROR(MAX(FILTER('Барабан'!AJ:AJ,'Барабан'!V:V=A54)),""–""),"""")"),"")
A55: ='Справочник'!E50 | B55: =IF(A55>0,SUMIF('Барабан'!K:K,A55,'Барабан'!I:I),"") | C55: =IF(A55>0,SUMIF('Барабан'!V:V,A55,'Барабан'!T:T),"") | D55: =IF(A55>0,SUMIF('Барабан'!K:K,A55,'Барабан'!AG:AG)+SUMIF('Барабан'!V:V,A55,'Барабан'!AG:AG),"") | E55: =IF(A55>0,ROUND(B55-C55,0),"") | F55: {=IFERROR(IF(E55=0,0,INDEX('Справочник'!G:G,MATCH(A55,'Справочник'!F:F,0))))} | G55: =IF(A55>0,SUMIF('Барабан'!K:K,A55,'Барабан'!P:P),"") | H55: =IF(A55>0,SUMIF('Барабан'!V:V,A55,'Барабан'!AA:AA),"") | I55: =IF(A55>0,H55+F55-G55-D55,"") | J55: =IFERROR(IF(A55>0,I55/G55,""),"–") | K55: =IF(A55>0,COUNTIF('Барабан'!K:K,A55),"") | L55: =IF(A55>0,COUNTIF('Барабан'!V:V,A55),"") | M55: =IF(A55>0,IFERROR(O55-N55,TODAY()-N55),"") | N55: =IFERROR(__xludf.DUMMYFUNCTION("IF(A55>0,MIN(FILTER('Барабан'!AJ:AJ,'Барабан'!K:K=A55)),"""")"),"") | O55: =IFERROR(__xludf.DUMMYFUNCTION("IF(A55>0,IFERROR(MAX(FILTER('Барабан'!AJ:AJ,'Барабан'!V:V=A55)),""–""),"""")"),"")
A56: ='Справочник'!E51 | B56: =IF(A56>0,SUMIF('Барабан'!K:K,A56,'Барабан'!I:I),"") | C56: =IF(A56>0,SUMIF('Барабан'!V:V,A56,'Барабан'!T:T),"") | D56: =IF(A56>0,SUMIF('Барабан'!K:K,A56,'Барабан'!AG:AG)+SUMIF('Барабан'!V:V,A56,'Барабан'!AG:AG),"") | E56: =IF(A56>0,ROUND(B56-C56,0),"") | F56: {=IFERROR(IF(E56=0,0,INDEX('Справочник'!G:G,MATCH(A56,'Справочник'!F:F,0))))} | G56: =IF(A56>0,SUMIF('Барабан'!K:K,A56,'Барабан'!P:P),"") | H56: =IF(A56>0,SUMIF('Барабан'!V:V,A56,'Барабан'!AA:AA),"") | I56: =IF(A56>0,H56+F56-G56-D56,"") | J56: =IFERROR(IF(A56>0,I56/G56,""),"–") | K56: =IF(A56>0,COUNTIF('Барабан'!K:K,A56),"") | L56: =IF(A56>0,COUNTIF('Барабан'!V:V,A56),"") | M56: =IF(A56>0,IFERROR(O56-N56,TODAY()-N56),"") | N56: =IFERROR(__xludf.DUMMYFUNCTION("IF(A56>0,MIN(FILTER('Барабан'!AJ:AJ,'Барабан'!K:K=A56)),"""")"),"") | O56: =IFERROR(__xludf.DUMMYFUNCTION("IF(A56>0,IFERROR(MAX(FILTER('Барабан'!AJ:AJ,'Барабан'!V:V=A56)),""–""),"""")"),"")
A57: ='Справочник'!E52 | B57: =IF(A57>0,SUMIF('Барабан'!K:K,A57,'Барабан'!I:I),"") | C57: =IF(A57>0,SUMIF('Барабан'!V:V,A57,'Барабан'!T:T),"") | D57: =IF(A57>0,SUMIF('Барабан'!K:K,A57,'Барабан'!AG:AG)+SUMIF('Барабан'!V:V,A57,'Барабан'!AG:AG),"") | E57: =IF(A57>0,ROUND(B57-C57,0),"") | F57: {=IFERROR(IF(E57=0,0,INDEX('Справочник'!G:G,MATCH(A57,'Справочник'!F:F,0))))} | G57: =IF(A57>0,SUMIF('Барабан'!K:K,A57,'Барабан'!P:P),"") | H57: =IF(A57>0,SUMIF('Барабан'!V:V,A57,'Барабан'!AA:AA),"") | I57: =IF(A57>0,H57+F57-G57-D57,"") | J57: =IFERROR(IF(A57>0,I57/G57,""),"–") | K57: =IF(A57>0,COUNTIF('Барабан'!K:K,A57),"") | L57: =IF(A57>0,COUNTIF('Барабан'!V:V,A57),"") | M57: =IF(A57>0,IFERROR(O57-N57,TODAY()-N57),"") | N57: =IFERROR(__xludf.DUMMYFUNCTION("IF(A57>0,MIN(FILTER('Барабан'!AJ:AJ,'Барабан'!K:K=A57)),"""")"),"") | O57: =IFERROR(__xludf.DUMMYFUNCTION("IF(A57>0,IFERROR(MAX(FILTER('Барабан'!AJ:AJ,'Барабан'!V:V=A57)),""–""),"""")"),"")
A58: ='Справочник'!E53 | B58: =IF(A58>0,SUMIF('Барабан'!K:K,A58,'Барабан'!I:I),"") | C58: =IF(A58>0,SUMIF('Барабан'!V:V,A58,'Барабан'!T:T),"") | D58: =IF(A58>0,SUMIF('Барабан'!K:K,A58,'Барабан'!AG:AG)+SUMIF('Барабан'!V:V,A58,'Барабан'!AG:AG),"") | E58: =IF(A58>0,ROUND(B58-C58,0),"") | F58: {=IFERROR(IF(E58=0,0,INDEX('Справочник'!G:G,MATCH(A58,'Справочник'!F:F,0))))} | G58: =IF(A58>0,SUMIF('Барабан'!K:K,A58,'Барабан'!P:P),"") | H58: =IF(A58>0,SUMIF('Барабан'!V:V,A58,'Барабан'!AA:AA),"") | I58: =IF(A58>0,H58+F58-G58-D58,"") | J58: =IFERROR(IF(A58>0,I58/G58,""),"–") | K58: =IF(A58>0,COUNTIF('Барабан'!K:K,A58),"") | L58: =IF(A58>0,COUNTIF('Барабан'!V:V,A58),"") | M58: =IF(A58>0,IFERROR(O58-N58,TODAY()-N58),"") | N58: =IFERROR(__xludf.DUMMYFUNCTION("IF(A58>0,MIN(FILTER('Барабан'!AJ:AJ,'Барабан'!K:K=A58)),"""")"),"") | O58: =IFERROR(__xludf.DUMMYFUNCTION("IF(A58>0,IFERROR(MAX(FILTER('Барабан'!AJ:AJ,'Барабан'!V:V=A58)),""–""),"""")"),"")
A59: ='Справочник'!E54 | B59: =IF(A59>0,SUMIF('Барабан'!K:K,A59,'Барабан'!I:I),"") | C59: =IF(A59>0,SUMIF('Барабан'!V:V,A59,'Барабан'!T:T),"") | D59: =IF(A59>0,SUMIF('Барабан'!K:K,A59,'Барабан'!AG:AG)+SUMIF('Барабан'!V:V,A59,'Барабан'!AG:AG),"") | E59: =IF(A59>0,ROUND(B59-C59,0),"") | F59: {=IFERROR(IF(E59=0,0,INDEX('Справочник'!G:G,MATCH(A59,'Справочник'!F:F,0))))} | G59: =IF(A59>0,SUMIF('Барабан'!K:K,A59,'Барабан'!P:P),"") | H59: =IF(A59>0,SUMIF('Барабан'!V:V,A59,'Барабан'!AA:AA),"") | I59: =IF(A59>0,H59+F59-G59-D59,"") | J59: =IFERROR(IF(A59>0,I59/G59,""),"–") | K59: =IF(A59>0,COUNTIF('Барабан'!K:K,A59),"") | L59: =IF(A59>0,COUNTIF('Барабан'!V:V,A59),"") | M59: =IF(A59>0,IFERROR(O59-N59,TODAY()-N59),"") | N59: =IFERROR(__xludf.DUMMYFUNCTION("IF(A59>0,MIN(FILTER('Барабан'!AJ:AJ,'Барабан'!K:K=A59)),"""")"),"") | O59: =IFERROR(__xludf.DUMMYFUNCTION("IF(A59>0,IFERROR(MAX(FILTER('Барабан'!AJ:AJ,'Барабан'!V:V=A59)),""–""),"""")"),"")
A60: ='Справочник'!E55 | B60: =IF(A60>0,SUMIF('Барабан'!K:K,A60,'Барабан'!I:I),"") | C60: =IF(A60>0,SUMIF('Барабан'!V:V,A60,'Барабан'!T:T),"") | D60: =IF(A60>0,SUMIF('Барабан'!K:K,A60,'Барабан'!AG:AG)+SUMIF('Барабан'!V:V,A60,'Барабан'!AG:AG),"") | E60: =IF(A60>0,ROUND(B60-C60,0),"") | F60: {=IFERROR(IF(E60=0,0,INDEX('Справочник'!G:G,MATCH(A60,'Справочник'!F:F,0))))} | G60: =IF(A60>0,SUMIF('Барабан'!K:K,A60,'Барабан'!P:P),"") | H60: =IF(A60>0,SUMIF('Барабан'!V:V,A60,'Барабан'!AA:AA),"") | I60: =IF(A60>0,H60+F60-G60-D60,"") | J60: =IFERROR(IF(A60>0,I60/G60,""),"–") | K60: =IF(A60>0,COUNTIF('Барабан'!K:K,A60),"") | L60: =IF(A60>0,COUNTIF('Барабан'!V:V,A60),"") | M60: =IF(A60>0,IFERROR(O60-N60,TODAY()-N60),"") | N60: =IFERROR(__xludf.DUMMYFUNCTION("IF(A60>0,MIN(FILTER('Барабан'!AJ:AJ,'Барабан'!K:K=A60)),"""")"),"") | O60: =IFERROR(__xludf.DUMMYFUNCTION("IF(A60>0,IFERROR(MAX(FILTER('Барабан'!AJ:AJ,'Барабан'!V:V=A60)),""–""),"""")"),"")
A61: ='Справочник'!E56 | B61: =IF(A61>0,SUMIF('Барабан'!K:K,A61,'Барабан'!I:I),"") | C61: =IF(A61>0,SUMIF('Барабан'!V:V,A61,'Барабан'!T:T),"") | D61: =IF(A61>0,SUMIF('Барабан'!K:K,A61,'Барабан'!AG:AG)+SUMIF('Барабан'!V:V,A61,'Барабан'!AG:AG),"") | E61: =IF(A61>0,ROUND(B61-C61,0),"") | F61: {=IFERROR(IF(E61=0,0,INDEX('Справочник'!G:G,MATCH(A61,'Справочник'!F:F,0))))} | G61: =IF(A61>0,SUMIF('Барабан'!K:K,A61,'Барабан'!P:P),"") | H61: =IF(A61>0,SUMIF('Барабан'!V:V,A61,'Барабан'!AA:AA),"") | I61: =IF(A61>0,H61+F61-G61-D61,"") | J61: =IFERROR(IF(A61>0,I61/G61,""),"–") | K61: =IF(A61>0,COUNTIF('Барабан'!K:K,A61),"") | L61: =IF(A61>0,COUNTIF('Барабан'!V:V,A61),"") | M61: =IF(A61>0,IFERROR(O61-N61,TODAY()-N61),"") | N61: =IFERROR(__xludf.DUMMYFUNCTION("IF(A61>0,MIN(FILTER('Барабан'!AJ:AJ,'Барабан'!K:K=A61)),"""")"),"") | O61: =IFERROR(__xludf.DUMMYFUNCTION("IF(A61>0,IFERROR(MAX(FILTER('Барабан'!AJ:AJ,'Барабан'!V:V=A61)),""–""),"""")"),"")
A62: ='Справочник'!E57 | B62: =IF(A62>0,SUMIF('Барабан'!K:K,A62,'Барабан'!I:I),"") | C62: =IF(A62>0,SUMIF('Барабан'!V:V,A62,'Барабан'!T:T),"") | D62: =IF(A62>0,SUMIF('Барабан'!K:K,A62,'Барабан'!AG:AG)+SUMIF('Барабан'!V:V,A62,'Барабан'!AG:AG),"") | E62: =IF(A62>0,ROUND(B62-C62,0),"") | F62: {=IFERROR(IF(E62=0,0,INDEX('Справочник'!G:G,MATCH(A62,'Справочник'!F:F,0))))} | G62: =IF(A62>0,SUMIF('Барабан'!K:K,A62,'Барабан'!P:P),"") | H62: =IF(A62>0,SUMIF('Барабан'!V:V,A62,'Барабан'!AA:AA),"") | I62: =IF(A62>0,H62+F62-G62-D62,"") | J62: =IFERROR(IF(A62>0,I62/G62,""),"–") | K62: =IF(A62>0,COUNTIF('Барабан'!K:K,A62),"") | L62: =IF(A62>0,COUNTIF('Барабан'!V:V,A62),"") | M62: =IF(A62>0,IFERROR(O62-N62,TODAY()-N62),"") | N62: =IFERROR(__xludf.DUMMYFUNCTION("IF(A62>0,MIN(FILTER('Барабан'!AJ:AJ,'Барабан'!K:K=A62)),"""")"),"") | O62: =IFERROR(__xludf.DUMMYFUNCTION("IF(A62>0,IFERROR(MAX(FILTER('Барабан'!AJ:AJ,'Барабан'!V:V=A62)),""–""),"""")"),"")
A63: ='Справочник'!E58 | B63: =IF(A63>0,SUMIF('Барабан'!K:K,A63,'Барабан'!I:I),"") | C63: =IF(A63>0,SUMIF('Барабан'!V:V,A63,'Барабан'!T:T),"") | D63: =IF(A63>0,SUMIF('Барабан'!K:K,A63,'Барабан'!AG:AG)+SUMIF('Барабан'!V:V,A63,'Барабан'!AG:AG),"") | E63: =IF(A63>0,ROUND(B63-C63,0),"") | F63: {=IFERROR(IF(E63=0,0,INDEX('Справочник'!G:G,MATCH(A63,'Справочник'!F:F,0))))} | G63: =IF(A63>0,SUMIF('Барабан'!K:K,A63,'Барабан'!P:P),"") | H63: =IF(A63>0,SUMIF('Барабан'!V:V,A63,'Барабан'!AA:AA),"") | I63: =IF(A63>0,H63+F63-G63-D63,"") | J63: =IFERROR(IF(A63>0,I63/G63,""),"–") | K63: =IF(A63>0,COUNTIF('Барабан'!K:K,A63),"") | L63: =IF(A63>0,COUNTIF('Барабан'!V:V,A63),"") | M63: =IF(A63>0,IFERROR(O63-N63,TODAY()-N63),"") | N63: =IFERROR(__xludf.DUMMYFUNCTION("IF(A63>0,MIN(FILTER('Барабан'!AJ:AJ,'Барабан'!K:K=A63)),"""")"),"") | O63: =IFERROR(__xludf.DUMMYFUNCTION("IF(A63>0,IFERROR(MAX(FILTER('Барабан'!AJ:AJ,'Барабан'!V:V=A63)),""–""),"""")"),"")
A64: ='Справочник'!E59 | B64: =IF(A64>0,SUMIF('Барабан'!K:K,A64,'Барабан'!I:I),"") | C64: =IF(A64>0,SUMIF('Барабан'!V:V,A64,'Барабан'!T:T),"") | D64: =IF(A64>0,SUMIF('Барабан'!K:K,A64,'Барабан'!AG:AG)+SUMIF('Барабан'!V:V,A64,'Барабан'!AG:AG),"") | E64: =IF(A64>0,ROUND(B64-C64,0),"") | F64: {=IFERROR(IF(E64=0,0,INDEX('Справочник'!G:G,MATCH(A64,'Справочник'!F:F,0))))} | G64: =IF(A64>0,SUMIF('Барабан'!K:K,A64,'Барабан'!P:P),"") | H64: =IF(A64>0,SUMIF('Барабан'!V:V,A64,'Барабан'!AA:AA),"") | I64: =IF(A64>0,H64+F64-G64-D64,"") | J64: =IFERROR(IF(A64>0,I64/G64,""),"–") | K64: =IF(A64>0,COUNTIF('Барабан'!K:K,A64),"") | L64: =IF(A64>0,COUNTIF('Барабан'!V:V,A64),"") | M64: =IF(A64>0,IFERROR(O64-N64,TODAY()-N64),"") | N64: =IFERROR(__xludf.DUMMYFUNCTION("IF(A64>0,MIN(FILTER('Барабан'!AJ:AJ,'Барабан'!K:K=A64)),"""")"),"") | O64: =IFERROR(__xludf.DUMMYFUNCTION("IF(A64>0,IFERROR(MAX(FILTER('Барабан'!AJ:AJ,'Барабан'!V:V=A64)),""–""),"""")"),"")
A65: ='Справочник'!E60 | B65: =IF(A65>0,SUMIF('Барабан'!K:K,A65,'Барабан'!I:I),"") | C65: =IF(A65>0,SUMIF('Барабан'!V:V,A65,'Барабан'!T:T),"") | D65: =IF(A65>0,SUMIF('Барабан'!K:K,A65,'Барабан'!AG:AG)+SUMIF('Барабан'!V:V,A65,'Барабан'!AG:AG),"") | E65: =IF(A65>0,ROUND(B65-C65,0),"") | F65: {=IFERROR(IF(E65=0,0,INDEX('Справочник'!G:G,MATCH(A65,'Справочник'!F:F,0))))} | G65: =IF(A65>0,SUMIF('Барабан'!K:K,A65,'Барабан'!P:P),"") | H65: =IF(A65>0,SUMIF('Барабан'!V:V,A65,'Барабан'!AA:AA),"") | I65: =IF(A65>0,H65+F65-G65-D65,"") | J65: =IFERROR(IF(A65>0,I65/G65,""),"–") | K65: =IF(A65>0,COUNTIF('Барабан'!K:K,A65),"") | L65: =IF(A65>0,COUNTIF('Барабан'!V:V,A65),"") | M65: =IF(A65>0,IFERROR(O65-N65,TODAY()-N65),"") | N65: =IFERROR(__xludf.DUMMYFUNCTION("IF(A65>0,MIN(FILTER('Барабан'!AJ:AJ,'Барабан'!K:K=A65)),"""")"),"") | O65: =IFERROR(__xludf.DUMMYFUNCTION("IF(A65>0,IFERROR(MAX(FILTER('Барабан'!AJ:AJ,'Барабан'!V:V=A65)),""–""),"""")"),"")
A66: ='Справочник'!E61 | B66: =IF(A66>0,SUMIF('Барабан'!K:K,A66,'Барабан'!I:I),"") | C66: =IF(A66>0,SUMIF('Барабан'!V:V,A66,'Барабан'!T:T),"") | D66: =IF(A66>0,SUMIF('Барабан'!K:K,A66,'Барабан'!AG:AG)+SUMIF('Барабан'!V:V,A66,'Барабан'!AG:AG),"") | E66: =IF(A66>0,ROUND(B66-C66,0),"") | F66: {=IFERROR(IF(E66=0,0,INDEX('Справочник'!G:G,MATCH(A66,'Справочник'!F:F,0))))} | G66: =IF(A66>0,SUMIF('Барабан'!K:K,A66,'Барабан'!P:P),"") | H66: =IF(A66>0,SUMIF('Барабан'!V:V,A66,'Барабан'!AA:AA),"") | I66: =IF(A66>0,H66+F66-G66-D66,"") | J66: =IFERROR(IF(A66>0,I66/G66,""),"–") | K66: =IF(A66>0,COUNTIF('Барабан'!K:K,A66),"") | L66: =IF(A66>0,COUNTIF('Барабан'!V:V,A66),"") | M66: =IF(A66>0,IFERROR(O66-N66,TODAY()-N66),"") | N66: =IFERROR(__xludf.DUMMYFUNCTION("IF(A66>0,MIN(FILTER('Барабан'!AJ:AJ,'Барабан'!K:K=A66)),"""")"),"") | O66: =IFERROR(__xludf.DUMMYFUNCTION("IF(A66>0,IFERROR(MAX(FILTER('Барабан'!AJ:AJ,'Барабан'!V:V=A66)),""–""),"""")"),"")
A67: ='Справочник'!E62 | B67: =IF(A67>0,SUMIF('Барабан'!K:K,A67,'Барабан'!I:I),"") | C67: =IF(A67>0,SUMIF('Барабан'!V:V,A67,'Барабан'!T:T),"") | D67: =IF(A67>0,SUMIF('Барабан'!K:K,A67,'Барабан'!AG:AG)+SUMIF('Барабан'!V:V,A67,'Барабан'!AG:AG),"") | E67: =IF(A67>0,ROUND(B67-C67,0),"") | F67: {=IFERROR(IF(E67=0,0,INDEX('Справочник'!G:G,MATCH(A67,'Справочник'!F:F,0))))} | G67: =IF(A67>0,SUMIF('Барабан'!K:K,A67,'Барабан'!P:P),"") | H67: =IF(A67>0,SUMIF('Барабан'!V:V,A67,'Барабан'!AA:AA),"") | I67: =IF(A67>0,H67+F67-G67-D67,"") | J67: =IFERROR(IF(A67>0,I67/G67,""),"–") | K67: =IF(A67>0,COUNTIF('Барабан'!K:K,A67),"") | L67: =IF(A67>0,COUNTIF('Барабан'!V:V,A67),"") | M67: =IF(A67>0,IFERROR(O67-N67,TODAY()-N67),"") | N67: =IFERROR(__xludf.DUMMYFUNCTION("IF(A67>0,MIN(FILTER('Барабан'!AJ:AJ,'Барабан'!K:K=A67)),"""")"),"") | O67: =IFERROR(__xludf.DUMMYFUNCTION("IF(A67>0,IFERROR(MAX(FILTER('Барабан'!AJ:AJ,'Барабан'!V:V=A67)),""–""),"""")"),"")
A68: ='Справочник'!E63 | B68: =IF(A68>0,SUMIF('Барабан'!K:K,A68,'Барабан'!I:I),"") | C68: =IF(A68>0,SUMIF('Барабан'!V:V,A68,'Барабан'!T:T),"") | D68: =IF(A68>0,SUMIF('Барабан'!K:K,A68,'Барабан'!AG:AG)+SUMIF('Барабан'!V:V,A68,'Барабан'!AG:AG),"") | E68: =IF(A68>0,ROUND(B68-C68,0),"") | F68: {=IFERROR(IF(E68=0,0,INDEX('Справочник'!G:G,MATCH(A68,'Справочник'!F:F,0))))} | G68: =IF(A68>0,SUMIF('Барабан'!K:K,A68,'Барабан'!P:P),"") | H68: =IF(A68>0,SUMIF('Барабан'!V:V,A68,'Барабан'!AA:AA),"") | I68: =IF(A68>0,H68+F68-G68-D68,"") | J68: =IFERROR(IF(A68>0,I68/G68,""),"–") | K68: =IF(A68>0,COUNTIF('Барабан'!K:K,A68),"") | L68: =IF(A68>0,COUNTIF('Барабан'!V:V,A68),"") | M68: =IF(A68>0,IFERROR(O68-N68,TODAY()-N68),"") | N68: =IFERROR(__xludf.DUMMYFUNCTION("IF(A68>0,MIN(FILTER('Барабан'!AJ:AJ,'Барабан'!K:K=A68)),"""")"),"") | O68: =IFERROR(__xludf.DUMMYFUNCTION("IF(A68>0,IFERROR(MAX(FILTER('Барабан'!AJ:AJ,'Барабан'!V:V=A68)),""–""),"""")"),"")
A69: ='Справочник'!E64 | B69: =IF(A69>0,SUMIF('Барабан'!K:K,A69,'Барабан'!I:I),"") | C69: =IF(A69>0,SUMIF('Барабан'!V:V,A69,'Барабан'!T:T),"") | D69: =IF(A69>0,SUMIF('Барабан'!K:K,A69,'Барабан'!AG:AG)+SUMIF('Барабан'!V:V,A69,'Барабан'!AG:AG),"") | E69: =IF(A69>0,ROUND(B69-C69,0),"") | F69: {=IFERROR(IF(E69=0,0,INDEX('Справочник'!G:G,MATCH(A69,'Справочник'!F:F,0))))} | G69: =IF(A69>0,SUMIF('Барабан'!K:K,A69,'Барабан'!P:P),"") | H69: =IF(A69>0,SUMIF('Барабан'!V:V,A69,'Барабан'!AA:AA),"") | I69: =IF(A69>0,H69+F69-G69-D69,"") | J69: =IFERROR(IF(A69>0,I69/G69,""),"–") | K69: =IF(A69>0,COUNTIF('Барабан'!K:K,A69),"") | L69: =IF(A69>0,COUNTIF('Барабан'!V:V,A69),"") | M69: =IF(A69>0,IFERROR(O69-N69,TODAY()-N69),"") | N69: =IFERROR(__xludf.DUMMYFUNCTION("IF(A69>0,MIN(FILTER('Барабан'!AJ:AJ,'Барабан'!K:K=A69)),"""")"),"") | O69: =IFERROR(__xludf.DUMMYFUNCTION("IF(A69>0,IFERROR(MAX(FILTER('Барабан'!AJ:AJ,'Барабан'!V:V=A69)),""–""),"""")"),"")
A70: ='Справочник'!E65 | B70: =IF(A70>0,SUMIF('Барабан'!K:K,A70,'Барабан'!I:I),"") | C70: =IF(A70>0,SUMIF('Барабан'!V:V,A70,'Барабан'!T:T),"") | D70: =IF(A70>0,SUMIF('Барабан'!K:K,A70,'Барабан'!AG:AG)+SUMIF('Барабан'!V:V,A70,'Барабан'!AG:AG),"") | E70: =IF(A70>0,ROUND(B70-C70,0),"") | F70: {=IFERROR(IF(E70=0,0,INDEX('Справочник'!G:G,MATCH(A70,'Справочник'!F:F,0))))} | G70: =IF(A70>0,SUMIF('Барабан'!K:K,A70,'Барабан'!P:P),"") | H70: =IF(A70>0,SUMIF('Барабан'!V:V,A70,'Барабан'!AA:AA),"") | I70: =IF(A70>0,H70+F70-G70-D70,"") | J70: =IFERROR(IF(A70>0,I70/G70,""),"–") | K70: =IF(A70>0,COUNTIF('Барабан'!K:K,A70),"") | L70: =IF(A70>0,COUNTIF('Барабан'!V:V,A70),"") | M70: =IF(A70>0,IFERROR(O70-N70,TODAY()-N70),"") | N70: =IFERROR(__xludf.DUMMYFUNCTION("IF(A70>0,MIN(FILTER('Барабан'!AJ:AJ,'Барабан'!K:K=A70)),"""")"),"") | O70: =IFERROR(__xludf.DUMMYFUNCTION("IF(A70>0,IFERROR(MAX(FILTER('Барабан'!AJ:AJ,'Барабан'!V:V=A70)),""–""),"""")"),"")
A71: ='Справочник'!E66 | B71: =IF(A71>0,SUMIF('Барабан'!K:K,A71,'Барабан'!I:I),"") | C71: =IF(A71>0,SUMIF('Барабан'!V:V,A71,'Барабан'!T:T),"") | D71: =IF(A71>0,SUMIF('Барабан'!K:K,A71,'Барабан'!AG:AG)+SUMIF('Барабан'!V:V,A71,'Барабан'!AG:AG),"") | E71: =IF(A71>0,ROUND(B71-C71,0),"") | F71: {=IFERROR(IF(E71=0,0,INDEX('Справочник'!G:G,MATCH(A71,'Справочник'!F:F,0))))} | G71: =IF(A71>0,SUMIF('Барабан'!K:K,A71,'Барабан'!P:P),"") | H71: =IF(A71>0,SUMIF('Барабан'!V:V,A71,'Барабан'!AA:AA),"") | I71: =IF(A71>0,H71+F71-G71-D71,"") | J71: =IFERROR(IF(A71>0,I71/G71,""),"–") | K71: =IF(A71>0,COUNTIF('Барабан'!K:K,A71),"") | L71: =IF(A71>0,COUNTIF('Барабан'!V:V,A71),"") | M71: =IF(A71>0,IFERROR(O71-N71,TODAY()-N71),"") | N71: =IFERROR(__xludf.DUMMYFUNCTION("IF(A71>0,MIN(FILTER('Барабан'!AJ:AJ,'Барабан'!K:K=A71)),"""")"),"") | O71: =IFERROR(__xludf.DUMMYFUNCTION("IF(A71>0,IFERROR(MAX(FILTER('Барабан'!AJ:AJ,'Барабан'!V:V=A71)),""–""),"""")"),"")
A72: ='Справочник'!E67 | B72: =IF(A72>0,SUMIF('Барабан'!K:K,A72,'Барабан'!I:I),"") | C72: =IF(A72>0,SUMIF('Барабан'!V:V,A72,'Барабан'!T:T),"") | D72: =IF(A72>0,SUMIF('Барабан'!K:K,A72,'Барабан'!AG:AG)+SUMIF('Барабан'!V:V,A72,'Барабан'!AG:AG),"") | E72: =IF(A72>0,ROUND(B72-C72,0),"") | F72: {=IFERROR(IF(E72=0,0,INDEX('Справочник'!G:G,MATCH(A72,'Справочник'!F:F,0))))} | G72: =IF(A72>0,SUMIF('Барабан'!K:K,A72,'Барабан'!P:P),"") | H72: =IF(A72>0,SUMIF('Барабан'!V:V,A72,'Барабан'!AA:AA),"") | I72: =IF(A72>0,H72+F72-G72-D72,"") | J72: =IFERROR(IF(A72>0,I72/G72,""),"–") | K72: =IF(A72>0,COUNTIF('Барабан'!K:K,A72),"") | L72: =IF(A72>0,COUNTIF('Барабан'!V:V,A72),"") | M72: =IF(A72>0,IFERROR(O72-N72,TODAY()-N72),"") | N72: =IFERROR(__xludf.DUMMYFUNCTION("IF(A72>0,MIN(FILTER('Барабан'!AJ:AJ,'Барабан'!K:K=A72)),"""")"),"") | O72: =IFERROR(__xludf.DUMMYFUNCTION("IF(A72>0,IFERROR(MAX(FILTER('Барабан'!AJ:AJ,'Барабан'!V:V=A72)),""–""),"""")"),"")
A73: ='Справочник'!E68 | B73: =IF(A73>0,SUMIF('Барабан'!K:K,A73,'Барабан'!I:I),"") | C73: =IF(A73>0,SUMIF('Барабан'!V:V,A73,'Барабан'!T:T),"") | D73: =IF(A73>0,SUMIF('Барабан'!K:K,A73,'Барабан'!AG:AG)+SUMIF('Барабан'!V:V,A73,'Барабан'!AG:AG),"") | E73: =IF(A73>0,ROUND(B73-C73,0),"") | F73: {=IFERROR(IF(E73=0,0,INDEX('Справочник'!G:G,MATCH(A73,'Справочник'!F:F,0))))} | G73: =IF(A73>0,SUMIF('Барабан'!K:K,A73,'Барабан'!P:P),"") | H73: =IF(A73>0,SUMIF('Барабан'!V:V,A73,'Барабан'!AA:AA),"") | I73: =IF(A73>0,H73+F73-G73-D73,"") | J73: =IFERROR(IF(A73>0,I73/G73,""),"–") | K73: =IF(A73>0,COUNTIF('Барабан'!K:K,A73),"") | L73: =IF(A73>0,COUNTIF('Барабан'!V:V,A73),"") | M73: =IF(A73>0,IFERROR(O73-N73,TODAY()-N73),"") | N73: =IFERROR(__xludf.DUMMYFUNCTION("IF(A73>0,MIN(FILTER('Барабан'!AJ:AJ,'Барабан'!K:K=A73)),"""")"),"") | O73: =IFERROR(__xludf.DUMMYFUNCTION("IF(A73>0,IFERROR(MAX(FILTER('Барабан'!AJ:AJ,'Барабан'!V:V=A73)),""–""),"""")"),"")
A74: ='Справочник'!E69 | B74: =IF(A74>0,SUMIF('Барабан'!K:K,A74,'Барабан'!I:I),"") | C74: =IF(A74>0,SUMIF('Барабан'!V:V,A74,'Барабан'!T:T),"") | D74: =IF(A74>0,SUMIF('Барабан'!K:K,A74,'Барабан'!AG:AG)+SUMIF('Барабан'!V:V,A74,'Барабан'!AG:AG),"") | E74: =IF(A74>0,ROUND(B74-C74,0),"") | F74: {=IFERROR(IF(E74=0,0,INDEX('Справочник'!G:G,MATCH(A74,'Справочник'!F:F,0))))} | G74: =IF(A74>0,SUMIF('Барабан'!K:K,A74,'Барабан'!P:P),"") | H74: =IF(A74>0,SUMIF('Барабан'!V:V,A74,'Барабан'!AA:AA),"") | I74: =IF(A74>0,H74+F74-G74-D74,"") | J74: =IFERROR(IF(A74>0,I74/G74,""),"–") | K74: =IF(A74>0,COUNTIF('Барабан'!K:K,A74),"") | L74: =IF(A74>0,COUNTIF('Барабан'!V:V,A74),"") | M74: =IF(A74>0,IFERROR(O74-N74,TODAY()-N74),"") | N74: =IFERROR(__xludf.DUMMYFUNCTION("IF(A74>0,MIN(FILTER('Барабан'!AJ:AJ,'Барабан'!K:K=A74)),"""")"),"") | O74: =IFERROR(__xludf.DUMMYFUNCTION("IF(A74>0,IFERROR(MAX(FILTER('Барабан'!AJ:AJ,'Барабан'!V:V=A74)),""–""),"""")"),"")
A75: ='Справочник'!E70 | B75: =IF(A75>0,SUMIF('Барабан'!K:K,A75,'Барабан'!I:I),"") | C75: =IF(A75>0,SUMIF('Барабан'!V:V,A75,'Барабан'!T:T),"") | D75: =IF(A75>0,SUMIF('Барабан'!K:K,A75,'Барабан'!AG:AG)+SUMIF('Барабан'!V:V,A75,'Барабан'!AG:AG),"") | E75: =IF(A75>0,ROUND(B75-C75,0),"") | F75: {=IFERROR(IF(E75=0,0,INDEX('Справочник'!G:G,MATCH(A75,'Справочник'!F:F,0))))} | G75: =IF(A75>0,SUMIF('Барабан'!K:K,A75,'Барабан'!P:P),"") | H75: =IF(A75>0,SUMIF('Барабан'!V:V,A75,'Барабан'!AA:AA),"") | I75: =IF(A75>0,H75+F75-G75-D75,"") | J75: =IFERROR(IF(A75>0,I75/G75,""),"–") | K75: =IF(A75>0,COUNTIF('Барабан'!K:K,A75),"") | L75: =IF(A75>0,COUNTIF('Барабан'!V:V,A75),"") | M75: =IF(A75>0,IFERROR(O75-N75,TODAY()-N75),"") | N75: =IFERROR(__xludf.DUMMYFUNCTION("IF(A75>0,MIN(FILTER('Барабан'!AJ:AJ,'Барабан'!K:K=A75)),"""")"),"") | O75: =IFERROR(__xludf.DUMMYFUNCTION("IF(A75>0,IFERROR(MAX(FILTER('Барабан'!AJ:AJ,'Барабан'!V:V=A75)),""–""),"""")"),"")
A76: ='Справочник'!E71 | B76: =IF(A76>0,SUMIF('Барабан'!K:K,A76,'Барабан'!I:I),"") | C76: =IF(A76>0,SUMIF('Барабан'!V:V,A76,'Барабан'!T:T),"") | D76: =IF(A76>0,SUMIF('Барабан'!K:K,A76,'Барабан'!AG:AG)+SUMIF('Барабан'!V:V,A76,'Барабан'!AG:AG),"") | E76: =IF(A76>0,ROUND(B76-C76,0),"") | F76: {=IFERROR(IF(E76=0,0,INDEX('Справочник'!G:G,MATCH(A76,'Справочник'!F:F,0))))} | G76: =IF(A76>0,SUMIF('Барабан'!K:K,A76,'Барабан'!P:P),"") | H76: =IF(A76>0,SUMIF('Барабан'!V:V,A76,'Барабан'!AA:AA),"") | I76: =IF(A76>0,H76+F76-G76-D76,"") | J76: =IFERROR(IF(A76>0,I76/G76,""),"–") | K76: =IF(A76>0,COUNTIF('Барабан'!K:K,A76),"") | L76: =IF(A76>0,COUNTIF('Барабан'!V:V,A76),"") | M76: =IF(A76>0,IFERROR(O76-N76,TODAY()-N76),"") | N76: =IFERROR(__xludf.DUMMYFUNCTION("IF(A76>0,MIN(FILTER('Барабан'!AJ:AJ,'Барабан'!K:K=A76)),"""")"),"") | O76: =IFERROR(__xludf.DUMMYFUNCTION("IF(A76>0,IFERROR(MAX(FILTER('Барабан'!AJ:AJ,'Барабан'!V:V=A76)),""–""),"""")"),"")
A77: ='Справочник'!E72 | B77: =IF(A77>0,SUMIF('Барабан'!K:K,A77,'Барабан'!I:I),"") | C77: =IF(A77>0,SUMIF('Барабан'!V:V,A77,'Барабан'!T:T),"") | D77: =IF(A77>0,SUMIF('Барабан'!K:K,A77,'Барабан'!AG:AG)+SUMIF('Барабан'!V:V,A77,'Барабан'!AG:AG),"") | E77: =IF(A77>0,ROUND(B77-C77,0),"") | F77: {=IFERROR(IF(E77=0,0,INDEX('Справочник'!G:G,MATCH(A77,'Справочник'!F:F,0))))} | G77: =IF(A77>0,SUMIF('Барабан'!K:K,A77,'Барабан'!P:P),"") | H77: =IF(A77>0,SUMIF('Барабан'!V:V,A77,'Барабан'!AA:AA),"") | I77: =IF(A77>0,H77+F77-G77-D77,"") | J77: =IFERROR(IF(A77>0,I77/G77,""),"–") | K77: =IF(A77>0,COUNTIF('Барабан'!K:K,A77),"") | L77: =IF(A77>0,COUNTIF('Барабан'!V:V,A77),"") | M77: =IF(A77>0,IFERROR(O77-N77,TODAY()-N77),"") | N77: =IFERROR(__xludf.DUMMYFUNCTION("IF(A77>0,MIN(FILTER('Барабан'!AJ:AJ,'Барабан'!K:K=A77)),"""")"),"") | O77: =IFERROR(__xludf.DUMMYFUNCTION("IF(A77>0,IFERROR(MAX(FILTER('Барабан'!AJ:AJ,'Барабан'!V:V=A77)),""–""),"""")"),"")
A78: ='Справочник'!E73 | B78: =IF(A78>0,SUMIF('Барабан'!K:K,A78,'Барабан'!I:I),"") | C78: =IF(A78>0,SUMIF('Барабан'!V:V,A78,'Барабан'!T:T),"") | D78: =IF(A78>0,SUMIF('Барабан'!K:K,A78,'Барабан'!AG:AG)+SUMIF('Барабан'!V:V,A78,'Барабан'!AG:AG),"") | E78: =IF(A78>0,ROUND(B78-C78,0),"") | F78: {=IFERROR(IF(E78=0,0,INDEX('Справочник'!G:G,MATCH(A78,'Справочник'!F:F,0))))} | G78: =IF(A78>0,SUMIF('Барабан'!K:K,A78,'Барабан'!P:P),"") | H78: =IF(A78>0,SUMIF('Барабан'!V:V,A78,'Барабан'!AA:AA),"") | I78: =IF(A78>0,H78+F78-G78-D78,"") | J78: =IFERROR(IF(A78>0,I78/G78,""),"–") | K78: =IF(A78>0,COUNTIF('Барабан'!K:K,A78),"") | L78: =IF(A78>0,COUNTIF('Барабан'!V:V,A78),"") | M78: =IF(A78>0,IFERROR(O78-N78,TODAY()-N78),"") | N78: =IFERROR(__xludf.DUMMYFUNCTION("IF(A78>0,MIN(FILTER('Барабан'!AJ:AJ,'Барабан'!K:K=A78)),"""")"),"") | O78: =IFERROR(__xludf.DUMMYFUNCTION("IF(A78>0,IFERROR(MAX(FILTER('Барабан'!AJ:AJ,'Барабан'!V:V=A78)),""–""),"""")"),"")
A79: ='Справочник'!E74 | B79: =IF(A79>0,SUMIF('Барабан'!K:K,A79,'Барабан'!I:I),"") | C79: =IF(A79>0,SUMIF('Барабан'!V:V,A79,'Барабан'!T:T),"") | D79: =IF(A79>0,SUMIF('Барабан'!K:K,A79,'Барабан'!AG:AG)+SUMIF('Барабан'!V:V,A79,'Барабан'!AG:AG),"") | E79: =IF(A79>0,ROUND(B79-C79,0),"") | F79: {=IFERROR(IF(E79=0,0,INDEX('Справочник'!G:G,MATCH(A79,'Справочник'!F:F,0))))} | G79: =IF(A79>0,SUMIF('Барабан'!K:K,A79,'Барабан'!P:P),"") | H79: =IF(A79>0,SUMIF('Барабан'!V:V,A79,'Барабан'!AA:AA),"") | I79: =IF(A79>0,H79+F79-G79-D79,"") | J79: =IFERROR(IF(A79>0,I79/G79,""),"–") | K79: =IF(A79>0,COUNTIF('Барабан'!K:K,A79),"") | L79: =IF(A79>0,COUNTIF('Барабан'!V:V,A79),"") | M79: =IF(A79>0,IFERROR(O79-N79,TODAY()-N79),"") | N79: =IFERROR(__xludf.DUMMYFUNCTION("IF(A79>0,MIN(FILTER('Барабан'!AJ:AJ,'Барабан'!K:K=A79)),"""")"),"") | O79: =IFERROR(__xludf.DUMMYFUNCTION("IF(A79>0,IFERROR(MAX(FILTER('Барабан'!AJ:AJ,'Барабан'!V:V=A79)),""–""),"""")"),"")
A80: ='Справочник'!E75 | B80: =IF(A80>0,SUMIF('Барабан'!K:K,A80,'Барабан'!I:I),"") | C80: =IF(A80>0,SUMIF('Барабан'!V:V,A80,'Барабан'!T:T),"") | D80: =IF(A80>0,SUMIF('Барабан'!K:K,A80,'Барабан'!AG:AG)+SUMIF('Барабан'!V:V,A80,'Барабан'!AG:AG),"") | E80: =IF(A80>0,ROUND(B80-C80,0),"") | F80: {=IFERROR(IF(E80=0,0,INDEX('Справочник'!G:G,MATCH(A80,'Справочник'!F:F,0))))} | G80: =IF(A80>0,SUMIF('Барабан'!K:K,A80,'Барабан'!P:P),"") | H80: =IF(A80>0,SUMIF('Барабан'!V:V,A80,'Барабан'!AA:AA),"") | I80: =IF(A80>0,H80+F80-G80-D80,"") | J80: =IFERROR(IF(A80>0,I80/G80,""),"–") | K80: =IF(A80>0,COUNTIF('Барабан'!K:K,A80),"") | L80: =IF(A80>0,COUNTIF('Барабан'!V:V,A80),"") | M80: =IF(A80>0,IFERROR(O80-N80,TODAY()-N80),"") | N80: =IFERROR(__xludf.DUMMYFUNCTION("IF(A80>0,MIN(FILTER('Барабан'!AJ:AJ,'Барабан'!K:K=A80)),"""")"),"") | O80: =IFERROR(__xludf.DUMMYFUNCTION("IF(A80>0,IFERROR(MAX(FILTER('Барабан'!AJ:AJ,'Барабан'!V:V=A80)),""–""),"""")"),"")
A81: ='Справочник'!E76 | B81: =IF(A81>0,SUMIF('Барабан'!K:K,A81,'Барабан'!I:I),"") | C81: =IF(A81>0,SUMIF('Барабан'!V:V,A81,'Барабан'!T:T),"") | D81: =IF(A81>0,SUMIF('Барабан'!K:K,A81,'Барабан'!AG:AG)+SUMIF('Барабан'!V:V,A81,'Барабан'!AG:AG),"") | E81: =IF(A81>0,ROUND(B81-C81,0),"") | F81: {=IFERROR(IF(E81=0,0,INDEX('Справочник'!G:G,MATCH(A81,'Справочник'!F:F,0))))} | G81: =IF(A81>0,SUMIF('Барабан'!K:K,A81,'Барабан'!P:P),"") | H81: =IF(A81>0,SUMIF('Барабан'!V:V,A81,'Барабан'!AA:AA),"") | I81: =IF(A81>0,H81+F81-G81-D81,"") | J81: =IFERROR(IF(A81>0,I81/G81,""),"–") | K81: =IF(A81>0,COUNTIF('Барабан'!K:K,A81),"") | L81: =IF(A81>0,COUNTIF('Барабан'!V:V,A81),"") | M81: =IF(A81>0,IFERROR(O81-N81,TODAY()-N81),"") | N81: =IFERROR(__xludf.DUMMYFUNCTION("IF(A81>0,MIN(FILTER('Барабан'!AJ:AJ,'Барабан'!K:K=A81)),"""")"),"") | O81: =IFERROR(__xludf.DUMMYFUNCTION("IF(A81>0,IFERROR(MAX(FILTER('Барабан'!AJ:AJ,'Барабан'!V:V=A81)),""–""),"""")"),"")
A82: ='Справочник'!E77 | B82: =IF(A82>0,SUMIF('Барабан'!K:K,A82,'Барабан'!I:I),"") | C82: =IF(A82>0,SUMIF('Барабан'!V:V,A82,'Барабан'!T:T),"") | D82: =IF(A82>0,SUMIF('Барабан'!K:K,A82,'Барабан'!AG:AG)+SUMIF('Барабан'!V:V,A82,'Барабан'!AG:AG),"") | E82: =IF(A82>0,ROUND(B82-C82,0),"") | F82: {=IFERROR(IF(E82=0,0,INDEX('Справочник'!G:G,MATCH(A82,'Справочник'!F:F,0))))} | G82: =IF(A82>0,SUMIF('Барабан'!K:K,A82,'Барабан'!P:P),"") | H82: =IF(A82>0,SUMIF('Барабан'!V:V,A82,'Барабан'!AA:AA),"") | I82: =IF(A82>0,H82+F82-G82-D82,"") | J82: =IFERROR(IF(A82>0,I82/G82,""),"–") | K82: =IF(A82>0,COUNTIF('Барабан'!K:K,A82),"") | L82: =IF(A82>0,COUNTIF('Барабан'!V:V,A82),"") | M82: =IF(A82>0,IFERROR(O82-N82,TODAY()-N82),"") | N82: =IFERROR(__xludf.DUMMYFUNCTION("IF(A82>0,MIN(FILTER('Барабан'!AJ:AJ,'Барабан'!K:K=A82)),"""")"),"") | O82: =IFERROR(__xludf.DUMMYFUNCTION("IF(A82>0,IFERROR(MAX(FILTER('Барабан'!AJ:AJ,'Барабан'!V:V=A82)),""–""),"""")"),"")
A83: ='Справочник'!E78 | B83: =IF(A83>0,SUMIF('Барабан'!K:K,A83,'Барабан'!I:I),"") | C83: =IF(A83>0,SUMIF('Барабан'!V:V,A83,'Барабан'!T:T),"") | D83: =IF(A83>0,SUMIF('Барабан'!K:K,A83,'Барабан'!AG:AG)+SUMIF('Барабан'!V:V,A83,'Барабан'!AG:AG),"") | E83: =IF(A83>0,ROUND(B83-C83,0),"") | F83: {=IFERROR(IF(E83=0,0,INDEX('Справочник'!G:G,MATCH(A83,'Справочник'!F:F,0))))} | G83: =IF(A83>0,SUMIF('Барабан'!K:K,A83,'Барабан'!P:P),"") | H83: =IF(A83>0,SUMIF('Барабан'!V:V,A83,'Барабан'!AA:AA),"") | I83: =IF(A83>0,H83+F83-G83-D83,"") | J83: =IFERROR(IF(A83>0,I83/G83,""),"–") | K83: =IF(A83>0,COUNTIF('Барабан'!K:K,A83),"") | L83: =IF(A83>0,COUNTIF('Барабан'!V:V,A83),"") | M83: =IF(A83>0,IFERROR(O83-N83,TODAY()-N83),"") | N83: =IFERROR(__xludf.DUMMYFUNCTION("IF(A83>0,MIN(FILTER('Барабан'!AJ:AJ,'Барабан'!K:K=A83)),"""")"),"") | O83: =IFERROR(__xludf.DUMMYFUNCTION("IF(A83>0,IFERROR(MAX(FILTER('Барабан'!AJ:AJ,'Барабан'!V:V=A83)),""–""),"""")"),"")
A84: ='Справочник'!E79 | B84: =IF(A84>0,SUMIF('Барабан'!K:K,A84,'Барабан'!I:I),"") | C84: =IF(A84>0,SUMIF('Барабан'!V:V,A84,'Барабан'!T:T),"") | D84: =IF(A84>0,SUMIF('Барабан'!K:K,A84,'Барабан'!AG:AG)+SUMIF('Барабан'!V:V,A84,'Барабан'!AG:AG),"") | E84: =IF(A84>0,ROUND(B84-C84,0),"") | F84: {=IFERROR(IF(E84=0,0,INDEX('Справочник'!G:G,MATCH(A84,'Справочник'!F:F,0))))} | G84: =IF(A84>0,SUMIF('Барабан'!K:K,A84,'Барабан'!P:P),"") | H84: =IF(A84>0,SUMIF('Барабан'!V:V,A84,'Барабан'!AA:AA),"") | I84: =IF(A84>0,H84+F84-G84-D84,"") | J84: =IFERROR(IF(A84>0,I84/G84,""),"–") | K84: =IF(A84>0,COUNTIF('Барабан'!K:K,A84),"") | L84: =IF(A84>0,COUNTIF('Барабан'!V:V,A84),"") | M84: =IF(A84>0,IFERROR(O84-N84,TODAY()-N84),"") | N84: =IFERROR(__xludf.DUMMYFUNCTION("IF(A84>0,MIN(FILTER('Барабан'!AJ:AJ,'Барабан'!K:K=A84)),"""")"),"") | O84: =IFERROR(__xludf.DUMMYFUNCTION("IF(A84>0,IFERROR(MAX(FILTER('Барабан'!AJ:AJ,'Барабан'!V:V=A84)),""–""),"""")"),"")
A85: ='Справочник'!E80 | B85: =IF(A85>0,SUMIF('Барабан'!K:K,A85,'Барабан'!I:I),"") | C85: =IF(A85>0,SUMIF('Барабан'!V:V,A85,'Барабан'!T:T),"") | D85: =IF(A85>0,SUMIF('Барабан'!K:K,A85,'Барабан'!AG:AG)+SUMIF('Барабан'!V:V,A85,'Барабан'!AG:AG),"") | E85: =IF(A85>0,ROUND(B85-C85,0),"") | F85: {=IFERROR(IF(E85=0,0,INDEX('Справочник'!G:G,MATCH(A85,'Справочник'!F:F,0))))} | G85: =IF(A85>0,SUMIF('Барабан'!K:K,A85,'Барабан'!P:P),"") | H85: =IF(A85>0,SUMIF('Барабан'!V:V,A85,'Барабан'!AA:AA),"") | I85: =IF(A85>0,H85+F85-G85-D85,"") | J85: =IFERROR(IF(A85>0,I85/G85,""),"–") | K85: =IF(A85>0,COUNTIF('Барабан'!K:K,A85),"") | L85: =IF(A85>0,COUNTIF('Барабан'!V:V,A85),"") | M85: =IF(A85>0,IFERROR(O85-N85,TODAY()-N85),"") | N85: =IFERROR(__xludf.DUMMYFUNCTION("IF(A85>0,MIN(FILTER('Барабан'!AJ:AJ,'Барабан'!K:K=A85)),"""")"),"") | O85: =IFERROR(__xludf.DUMMYFUNCTION("IF(A85>0,IFERROR(MAX(FILTER('Барабан'!AJ:AJ,'Барабан'!V:V=A85)),""–""),"""")"),"")
A86: ='Справочник'!E81 | B86: =IF(A86>0,SUMIF('Барабан'!K:K,A86,'Барабан'!I:I),"") | C86: =IF(A86>0,SUMIF('Барабан'!V:V,A86,'Барабан'!T:T),"") | D86: =IF(A86>0,SUMIF('Барабан'!K:K,A86,'Барабан'!AG:AG)+SUMIF('Барабан'!V:V,A86,'Барабан'!AG:AG),"") | E86: =IF(A86>0,ROUND(B86-C86,0),"") | F86: {=IFERROR(IF(E86=0,0,INDEX('Справочник'!G:G,MATCH(A86,'Справочник'!F:F,0))))} | G86: =IF(A86>0,SUMIF('Барабан'!K:K,A86,'Барабан'!P:P),"") | H86: =IF(A86>0,SUMIF('Барабан'!V:V,A86,'Барабан'!AA:AA),"") | I86: =IF(A86>0,H86+F86-G86-D86,"") | J86: =IFERROR(IF(A86>0,I86/G86,""),"–") | K86: =IF(A86>0,COUNTIF('Барабан'!K:K,A86),"") | L86: =IF(A86>0,COUNTIF('Барабан'!V:V,A86),"") | M86: =IF(A86>0,IFERROR(O86-N86,TODAY()-N86),"") | N86: =IFERROR(__xludf.DUMMYFUNCTION("IF(A86>0,MIN(FILTER('Барабан'!AJ:AJ,'Барабан'!K:K=A86)),"""")"),"") | O86: =IFERROR(__xludf.DUMMYFUNCTION("IF(A86>0,IFERROR(MAX(FILTER('Барабан'!AJ:AJ,'Барабан'!V:V=A86)),""–""),"""")"),"")
A87: ='Справочник'!E82 | B87: =IF(A87>0,SUMIF('Барабан'!K:K,A87,'Барабан'!I:I),"") | C87: =IF(A87>0,SUMIF('Барабан'!V:V,A87,'Барабан'!T:T),"") | D87: =IF(A87>0,SUMIF('Барабан'!K:K,A87,'Барабан'!AG:AG)+SUMIF('Барабан'!V:V,A87,'Барабан'!AG:AG),"") | E87: =IF(A87>0,ROUND(B87-C87,0),"") | F87: {=IFERROR(IF(E87=0,0,INDEX('Справочник'!G:G,MATCH(A87,'Справочник'!F:F,0))))} | G87: =IF(A87>0,SUMIF('Барабан'!K:K,A87,'Барабан'!P:P),"") | H87: =IF(A87>0,SUMIF('Барабан'!V:V,A87,'Барабан'!AA:AA),"") | I87: =IF(A87>0,H87+F87-G87-D87,"") | J87: =IFERROR(IF(A87>0,I87/G87,""),"–") | K87: =IF(A87>0,COUNTIF('Барабан'!K:K,A87),"") | L87: =IF(A87>0,COUNTIF('Барабан'!V:V,A87),"") | M87: =IF(A87>0,IFERROR(O87-N87,TODAY()-N87),"") | N87: =IFERROR(__xludf.DUMMYFUNCTION("IF(A87>0,MIN(FILTER('Барабан'!AJ:AJ,'Барабан'!K:K=A87)),"""")"),"") | O87: =IFERROR(__xludf.DUMMYFUNCTION("IF(A87>0,IFERROR(MAX(FILTER('Барабан'!AJ:AJ,'Барабан'!V:V=A87)),""–""),"""")"),"")
A88: ='Справочник'!E83 | B88: =IF(A88>0,SUMIF('Барабан'!K:K,A88,'Барабан'!I:I),"") | C88: =IF(A88>0,SUMIF('Барабан'!V:V,A88,'Барабан'!T:T),"") | D88: =IF(A88>0,SUMIF('Барабан'!K:K,A88,'Барабан'!AG:AG)+SUMIF('Барабан'!V:V,A88,'Барабан'!AG:AG),"") | E88: =IF(A88>0,ROUND(B88-C88,0),"") | F88: {=IFERROR(IF(E88=0,0,INDEX('Справочник'!G:G,MATCH(A88,'Справочник'!F:F,0))))} | G88: =IF(A88>0,SUMIF('Барабан'!K:K,A88,'Барабан'!P:P),"") | H88: =IF(A88>0,SUMIF('Барабан'!V:V,A88,'Барабан'!AA:AA),"") | I88: =IF(A88>0,H88+F88-G88-D88,"") | J88: =IFERROR(IF(A88>0,I88/G88,""),"–") | K88: =IF(A88>0,COUNTIF('Барабан'!K:K,A88),"") | L88: =IF(A88>0,COUNTIF('Барабан'!V:V,A88),"") | M88: =IF(A88>0,IFERROR(O88-N88,TODAY()-N88),"") | N88: =IFERROR(__xludf.DUMMYFUNCTION("IF(A88>0,MIN(FILTER('Барабан'!AJ:AJ,'Барабан'!K:K=A88)),"""")"),"") | O88: =IFERROR(__xludf.DUMMYFUNCTION("IF(A88>0,IFERROR(MAX(FILTER('Барабан'!AJ:AJ,'Барабан'!V:V=A88)),""–""),"""")"),"")
A89: ='Справочник'!E84 | B89: =IF(A89>0,SUMIF('Барабан'!K:K,A89,'Барабан'!I:I),"") | C89: =IF(A89>0,SUMIF('Барабан'!V:V,A89,'Барабан'!T:T),"") | D89: =IF(A89>0,SUMIF('Барабан'!K:K,A89,'Барабан'!AG:AG)+SUMIF('Барабан'!V:V,A89,'Барабан'!AG:AG),"") | E89: =IF(A89>0,ROUND(B89-C89,0),"") | F89: {=IFERROR(IF(E89=0,0,INDEX('Справочник'!G:G,MATCH(A89,'Справочник'!F:F,0))))} | G89: =IF(A89>0,SUMIF('Барабан'!K:K,A89,'Барабан'!P:P),"") | H89: =IF(A89>0,SUMIF('Барабан'!V:V,A89,'Барабан'!AA:AA),"") | I89: =IF(A89>0,H89+F89-G89-D89,"") | J89: =IFERROR(IF(A89>0,I89/G89,""),"–") | K89: =IF(A89>0,COUNTIF('Барабан'!K:K,A89),"") | L89: =IF(A89>0,COUNTIF('Барабан'!V:V,A89),"") | M89: =IF(A89>0,IFERROR(O89-N89,TODAY()-N89),"") | N89: =IFERROR(__xludf.DUMMYFUNCTION("IF(A89>0,MIN(FILTER('Барабан'!AJ:AJ,'Барабан'!K:K=A89)),"""")"),"") | O89: =IFERROR(__xludf.DUMMYFUNCTION("IF(A89>0,IFERROR(MAX(FILTER('Барабан'!AJ:AJ,'Барабан'!V:V=A89)),""–""),"""")"),"")
A90: ='Справочник'!E85 | B90: =IF(A90>0,SUMIF('Барабан'!K:K,A90,'Барабан'!I:I),"") | C90: =IF(A90>0,SUMIF('Барабан'!V:V,A90,'Барабан'!T:T),"") | D90: =IF(A90>0,SUMIF('Барабан'!K:K,A90,'Барабан'!AG:AG)+SUMIF('Барабан'!V:V,A90,'Барабан'!AG:AG),"") | E90: =IF(A90>0,ROUND(B90-C90,0),"") | F90: {=IFERROR(IF(E90=0,0,INDEX('Справочник'!G:G,MATCH(A90,'Справочник'!F:F,0))))} | G90: =IF(A90>0,SUMIF('Барабан'!K:K,A90,'Барабан'!P:P),"") | H90: =IF(A90>0,SUMIF('Барабан'!V:V,A90,'Барабан'!AA:AA),"") | I90: =IF(A90>0,H90+F90-G90-D90,"") | J90: =IFERROR(IF(A90>0,I90/G90,""),"–") | K90: =IF(A90>0,COUNTIF('Барабан'!K:K,A90),"") | L90: =IF(A90>0,COUNTIF('Барабан'!V:V,A90),"") | M90: =IF(A90>0,IFERROR(O90-N90,TODAY()-N90),"") | N90: =IFERROR(__xludf.DUMMYFUNCTION("IF(A90>0,MIN(FILTER('Барабан'!AJ:AJ,'Барабан'!K:K=A90)),"""")"),"") | O90: =IFERROR(__xludf.DUMMYFUNCTION("IF(A90>0,IFERROR(MAX(FILTER('Барабан'!AJ:AJ,'Барабан'!V:V=A90)),""–""),"""")"),"")
A91: ='Справочник'!E86 | B91: =IF(A91>0,SUMIF('Барабан'!K:K,A91,'Барабан'!I:I),"") | C91: =IF(A91>0,SUMIF('Барабан'!V:V,A91,'Барабан'!T:T),"") | D91: =IF(A91>0,SUMIF('Барабан'!K:K,A91,'Барабан'!AG:AG)+SUMIF('Барабан'!V:V,A91,'Барабан'!AG:AG),"") | E91: =IF(A91>0,ROUND(B91-C91,0),"") | F91: {=IFERROR(IF(E91=0,0,INDEX('Справочник'!G:G,MATCH(A91,'Справочник'!F:F,0))))} | G91: =IF(A91>0,SUMIF('Барабан'!K:K,A91,'Барабан'!P:P),"") | H91: =IF(A91>0,SUMIF('Барабан'!V:V,A91,'Барабан'!AA:AA),"") | I91: =IF(A91>0,H91+F91-G91-D91,"") | J91: =IFERROR(IF(A91>0,I91/G91,""),"–") | K91: =IF(A91>0,COUNTIF('Барабан'!K:K,A91),"") | L91: =IF(A91>0,COUNTIF('Барабан'!V:V,A91),"") | M91: =IF(A91>0,IFERROR(O91-N91,TODAY()-N91),"") | N91: =IFERROR(__xludf.DUMMYFUNCTION("IF(A91>0,MIN(FILTER('Барабан'!AJ:AJ,'Барабан'!K:K=A91)),"""")"),"") | O91: =IFERROR(__xludf.DUMMYFUNCTION("IF(A91>0,IFERROR(MAX(FILTER('Барабан'!AJ:AJ,'Барабан'!V:V=A91)),""–""),"""")"),"")
A92: ='Справочник'!E87 | B92: =IF(A92>0,SUMIF('Барабан'!K:K,A92,'Барабан'!I:I),"") | C92: =IF(A92>0,SUMIF('Барабан'!V:V,A92,'Барабан'!T:T),"") | D92: =IF(A92>0,SUMIF('Барабан'!K:K,A92,'Барабан'!AG:AG)+SUMIF('Барабан'!V:V,A92,'Барабан'!AG:AG),"") | E92: =IF(A92>0,ROUND(B92-C92,0),"") | F92: {=IFERROR(IF(E92=0,0,INDEX('Справочник'!G:G,MATCH(A92,'Справочник'!F:F,0))))} | G92: =IF(A92>0,SUMIF('Барабан'!K:K,A92,'Барабан'!P:P),"") | H92: =IF(A92>0,SUMIF('Барабан'!V:V,A92,'Барабан'!AA:AA),"") | I92: =IF(A92>0,H92+F92-G92-D92,"") | J92: =IFERROR(IF(A92>0,I92/G92,""),"–") | K92: =IF(A92>0,COUNTIF('Барабан'!K:K,A92),"") | L92: =IF(A92>0,COUNTIF('Барабан'!V:V,A92),"") | M92: =IF(A92>0,IFERROR(O92-N92,TODAY()-N92),"") | N92: =IFERROR(__xludf.DUMMYFUNCTION("IF(A92>0,MIN(FILTER('Барабан'!AJ:AJ,'Барабан'!K:K=A92)),"""")"),"") | O92: =IFERROR(__xludf.DUMMYFUNCTION("IF(A92>0,IFERROR(MAX(FILTER('Барабан'!AJ:AJ,'Барабан'!V:V=A92)),""–""),"""")"),"")
A93: ='Справочник'!E88 | B93: =IF(A93>0,SUMIF('Барабан'!K:K,A93,'Барабан'!I:I),"") | C93: =IF(A93>0,SUMIF('Барабан'!V:V,A93,'Барабан'!T:T),"") | D93: =IF(A93>0,SUMIF('Барабан'!K:K,A93,'Барабан'!AG:AG)+SUMIF('Барабан'!V:V,A93,'Барабан'!AG:AG),"") | E93: =IF(A93>0,ROUND(B93-C93,0),"") | F93: {=IFERROR(IF(E93=0,0,INDEX('Справочник'!G:G,MATCH(A93,'Справочник'!F:F,0))))} | G93: =IF(A93>0,SUMIF('Барабан'!K:K,A93,'Барабан'!P:P),"") | H93: =IF(A93>0,SUMIF('Барабан'!V:V,A93,'Барабан'!AA:AA),"") | I93: =IF(A93>0,H93+F93-G93-D93,"") | J93: =IFERROR(IF(A93>0,I93/G93,""),"–") | K93: =IF(A93>0,COUNTIF('Барабан'!K:K,A93),"") | L93: =IF(A93>0,COUNTIF('Барабан'!V:V,A93),"") | M93: =IF(A93>0,IFERROR(O93-N93,TODAY()-N93),"") | N93: =IFERROR(__xludf.DUMMYFUNCTION("IF(A93>0,MIN(FILTER('Барабан'!AJ:AJ,'Барабан'!K:K=A93)),"""")"),"") | O93: =IFERROR(__xludf.DUMMYFUNCTION("IF(A93>0,IFERROR(MAX(FILTER('Барабан'!AJ:AJ,'Барабан'!V:V=A93)),""–""),"""")"),"")
A94: ='Справочник'!E89 | B94: =IF(A94>0,SUMIF('Барабан'!K:K,A94,'Барабан'!I:I),"") | C94: =IF(A94>0,SUMIF('Барабан'!V:V,A94,'Барабан'!T:T),"") | D94: =IF(A94>0,SUMIF('Барабан'!K:K,A94,'Барабан'!AG:AG)+SUMIF('Барабан'!V:V,A94,'Барабан'!AG:AG),"") | E94: =IF(A94>0,ROUND(B94-C94,0),"") | F94: {=IFERROR(IF(E94=0,0,INDEX('Справочник'!G:G,MATCH(A94,'Справочник'!F:F,0))))} | G94: =IF(A94>0,SUMIF('Барабан'!K:K,A94,'Барабан'!P:P),"") | H94: =IF(A94>0,SUMIF('Барабан'!V:V,A94,'Барабан'!AA:AA),"") | I94: =IF(A94>0,H94+F94-G94-D94,"") | J94: =IFERROR(IF(A94>0,I94/G94,""),"–") | K94: =IF(A94>0,COUNTIF('Барабан'!K:K,A94),"") | L94: =IF(A94>0,COUNTIF('Барабан'!V:V,A94),"") | M94: =IF(A94>0,IFERROR(O94-N94,TODAY()-N94),"") | N94: =IFERROR(__xludf.DUMMYFUNCTION("IF(A94>0,MIN(FILTER('Барабан'!AJ:AJ,'Барабан'!K:K=A94)),"""")"),"") | O94: =IFERROR(__xludf.DUMMYFUNCTION("IF(A94>0,IFERROR(MAX(FILTER('Барабан'!AJ:AJ,'Барабан'!V:V=A94)),""–""),"""")"),"")
A95: ='Справочник'!E90 | B95: =IF(A95>0,SUMIF('Барабан'!K:K,A95,'Барабан'!I:I),"") | C95: =IF(A95>0,SUMIF('Барабан'!V:V,A95,'Барабан'!T:T),"") | D95: =IF(A95>0,SUMIF('Барабан'!K:K,A95,'Барабан'!AG:AG)+SUMIF('Барабан'!V:V,A95,'Барабан'!AG:AG),"") | E95: =IF(A95>0,ROUND(B95-C95,0),"") | F95: {=IFERROR(IF(E95=0,0,INDEX('Справочник'!G:G,MATCH(A95,'Справочник'!F:F,0))))} | G95: =IF(A95>0,SUMIF('Барабан'!K:K,A95,'Барабан'!P:P),"") | H95: =IF(A95>0,SUMIF('Барабан'!V:V,A95,'Барабан'!AA:AA),"") | I95: =IF(A95>0,H95+F95-G95-D95,"") | J95: =IFERROR(IF(A95>0,I95/G95,""),"–") | K95: =IF(A95>0,COUNTIF('Барабан'!K:K,A95),"") | L95: =IF(A95>0,COUNTIF('Барабан'!V:V,A95),"") | M95: =IF(A95>0,IFERROR(O95-N95,TODAY()-N95),"") | N95: =IFERROR(__xludf.DUMMYFUNCTION("IF(A95>0,MIN(FILTER('Барабан'!AJ:AJ,'Барабан'!K:K=A95)),"""")"),"") | O95: =IFERROR(__xludf.DUMMYFUNCTION("IF(A95>0,IFERROR(MAX(FILTER('Барабан'!AJ:AJ,'Барабан'!V:V=A95)),""–""),"""")"),"")
A96: ='Справочник'!E91 | B96: =IF(A96>0,SUMIF('Барабан'!K:K,A96,'Барабан'!I:I),"") | C96: =IF(A96>0,SUMIF('Барабан'!V:V,A96,'Барабан'!T:T),"") | D96: =IF(A96>0,SUMIF('Барабан'!K:K,A96,'Барабан'!AG:AG)+SUMIF('Барабан'!V:V,A96,'Барабан'!AG:AG),"") | E96: =IF(A96>0,ROUND(B96-C96,0),"") | F96: {=IFERROR(IF(E96=0,0,INDEX('Справочник'!G:G,MATCH(A96,'Справочник'!F:F,0))))} | G96: =IF(A96>0,SUMIF('Барабан'!K:K,A96,'Барабан'!P:P),"") | H96: =IF(A96>0,SUMIF('Барабан'!V:V,A96,'Барабан'!AA:AA),"") | I96: =IF(A96>0,H96+F96-G96-D96,"") | J96: =IFERROR(IF(A96>0,I96/G96,""),"–") | K96: =IF(A96>0,COUNTIF('Барабан'!K:K,A96),"") | L96: =IF(A96>0,COUNTIF('Барабан'!V:V,A96),"") | M96: =IF(A96>0,IFERROR(O96-N96,TODAY()-N96),"") | N96: =IFERROR(__xludf.DUMMYFUNCTION("IF(A96>0,MIN(FILTER('Барабан'!AJ:AJ,'Барабан'!K:K=A96)),"""")"),"") | O96: =IFERROR(__xludf.DUMMYFUNCTION("IF(A96>0,IFERROR(MAX(FILTER('Барабан'!AJ:AJ,'Барабан'!V:V=A96)),""–""),"""")"),"")
A97: ='Справочник'!E92 | B97: =IF(A97>0,SUMIF('Барабан'!K:K,A97,'Барабан'!I:I),"") | C97: =IF(A97>0,SUMIF('Барабан'!V:V,A97,'Барабан'!T:T),"") | D97: =IF(A97>0,SUMIF('Барабан'!K:K,A97,'Барабан'!AG:AG)+SUMIF('Барабан'!V:V,A97,'Барабан'!AG:AG),"") | E97: =IF(A97>0,ROUND(B97-C97,0),"") | F97: {=IFERROR(IF(E97=0,0,INDEX('Справочник'!G:G,MATCH(A97,'Справочник'!F:F,0))))} | G97: =IF(A97>0,SUMIF('Барабан'!K:K,A97,'Барабан'!P:P),"") | H97: =IF(A97>0,SUMIF('Барабан'!V:V,A97,'Барабан'!AA:AA),"") | I97: =IF(A97>0,H97+F97-G97-D97,"") | J97: =IFERROR(IF(A97>0,I97/G97,""),"–") | K97: =IF(A97>0,COUNTIF('Барабан'!K:K,A97),"") | L97: =IF(A97>0,COUNTIF('Барабан'!V:V,A97),"") | M97: =IF(A97>0,IFERROR(O97-N97,TODAY()-N97),"") | N97: =IFERROR(__xludf.DUMMYFUNCTION("IF(A97>0,MIN(FILTER('Барабан'!AJ:AJ,'Барабан'!K:K=A97)),"""")"),"") | O97: =IFERROR(__xludf.DUMMYFUNCTION("IF(A97>0,IFERROR(MAX(FILTER('Барабан'!AJ:AJ,'Барабан'!V:V=A97)),""–""),"""")"),"")
A98: ='Справочник'!E93 | B98: =IF(A98>0,SUMIF('Барабан'!K:K,A98,'Барабан'!I:I),"") | C98: =IF(A98>0,SUMIF('Барабан'!V:V,A98,'Барабан'!T:T),"") | D98: =IF(A98>0,SUMIF('Барабан'!K:K,A98,'Барабан'!AG:AG)+SUMIF('Барабан'!V:V,A98,'Барабан'!AG:AG),"") | E98: =IF(A98>0,ROUND(B98-C98,0),"") | F98: {=IFERROR(IF(E98=0,0,INDEX('Справочник'!G:G,MATCH(A98,'Справочник'!F:F,0))))} | G98: =IF(A98>0,SUMIF('Барабан'!K:K,A98,'Барабан'!P:P),"") | H98: =IF(A98>0,SUMIF('Барабан'!V:V,A98,'Барабан'!AA:AA),"") | I98: =IF(A98>0,H98+F98-G98-D98,"") | J98: =IFERROR(IF(A98>0,I98/G98,""),"–") | K98: =IF(A98>0,COUNTIF('Барабан'!K:K,A98),"") | L98: =IF(A98>0,COUNTIF('Барабан'!V:V,A98),"") | M98: =IF(A98>0,IFERROR(O98-N98,TODAY()-N98),"") | N98: =IFERROR(__xludf.DUMMYFUNCTION("IF(A98>0,MIN(FILTER('Барабан'!AJ:AJ,'Барабан'!K:K=A98)),"""")"),"") | O98: =IFERROR(__xludf.DUMMYFUNCTION("IF(A98>0,IFERROR(MAX(FILTER('Барабан'!AJ:AJ,'Барабан'!V:V=A98)),""–""),"""")"),"")
A99: ='Справочник'!E94 | B99: =IF(A99>0,SUMIF('Барабан'!K:K,A99,'Барабан'!I:I),"") | C99: =IF(A99>0,SUMIF('Барабан'!V:V,A99,'Барабан'!T:T),"") | D99: =IF(A99>0,SUMIF('Барабан'!K:K,A99,'Барабан'!AG:AG)+SUMIF('Барабан'!V:V,A99,'Барабан'!AG:AG),"") | E99: =IF(A99>0,ROUND(B99-C99,0),"") | F99: {=IFERROR(IF(E99=0,0,INDEX('Справочник'!G:G,MATCH(A99,'Справочник'!F:F,0))))} | G99: =IF(A99>0,SUMIF('Барабан'!K:K,A99,'Барабан'!P:P),"") | H99: =IF(A99>0,SUMIF('Барабан'!V:V,A99,'Барабан'!AA:AA),"") | I99: =IF(A99>0,H99+F99-G99-D99,"") | J99: =IFERROR(IF(A99>0,I99/G99,""),"–") | K99: =IF(A99>0,COUNTIF('Барабан'!K:K,A99),"") | L99: =IF(A99>0,COUNTIF('Барабан'!V:V,A99),"") | M99: =IF(A99>0,IFERROR(O99-N99,TODAY()-N99),"") | N99: =IFERROR(__xludf.DUMMYFUNCTION("IF(A99>0,MIN(FILTER('Барабан'!AJ:AJ,'Барабан'!K:K=A99)),"""")"),"") | O99: =IFERROR(__xludf.DUMMYFUNCTION("IF(A99>0,IFERROR(MAX(FILTER('Барабан'!AJ:AJ,'Барабан'!V:V=A99)),""–""),"""")"),"")
A100: ='Справочник'!E95 | B100: =IF(A100>0,SUMIF('Барабан'!K:K,A100,'Барабан'!I:I),"") | C100: =IF(A100>0,SUMIF('Барабан'!V:V,A100,'Барабан'!T:T),"") | D100: =IF(A100>0,SUMIF('Барабан'!K:K,A100,'Барабан'!AG:AG)+SUMIF('Барабан'!V:V,A100,'Барабан'!AG:AG),"") | E100: =IF(A100>0,ROUND(B100-C100,0),"") | F100: {=IFERROR(IF(E100=0,0,INDEX('Справочник'!G:G,MATCH(A100,'Справочник'!F:F,0))))} | G100: =IF(A100>0,SUMIF('Барабан'!K:K,A100,'Барабан'!P:P),"") | H100: =IF(A100>0,SUMIF('Барабан'!V:V,A100,'Барабан'!AA:AA),"") | I100: =IF(A100>0,H100+F100-G100-D100,"") | J100: =IFERROR(IF(A100>0,I100/G100,""),"–") | K100: =IF(A100>0,COUNTIF('Барабан'!K:K,A100),"") | L100: =IF(A100>0,COUNTIF('Барабан'!V:V,A100),"") | M100: =IF(A100>0,IFERROR(O100-N100,TODAY()-N100),"") | N100: =IFERROR(__xludf.DUMMYFUNCTION("IF(A100>0,MIN(FILTER('Барабан'!AJ:AJ,'Барабан'!K:K=A100)),"""")"),"") | O100: =IFERROR(__xludf.DUMMYFUNCTION("IF(A100>0,IFERROR(MAX(FILTER('Барабан'!AJ:AJ,'Барабан'!V:V=A100)),""–""),"""")"),"")
A101: ='Справочник'!E96 | B101: =IF(A101>0,SUMIF('Барабан'!K:K,A101,'Барабан'!I:I),"") | C101: =IF(A101>0,SUMIF('Барабан'!V:V,A101,'Барабан'!T:T),"") | D101: =IF(A101>0,SUMIF('Барабан'!K:K,A101,'Барабан'!AG:AG)+SUMIF('Барабан'!V:V,A101,'Барабан'!AG:AG),"") | E101: =IF(A101>0,ROUND(B101-C101,0),"") | F101: {=IFERROR(IF(E101=0,0,INDEX('Справочник'!G:G,MATCH(A101,'Справочник'!F:F,0))))} | G101: =IF(A101>0,SUMIF('Барабан'!K:K,A101,'Барабан'!P:P),"") | H101: =IF(A101>0,SUMIF('Барабан'!V:V,A101,'Барабан'!AA:AA),"") | I101: =IF(A101>0,H101+F101-G101-D101,"") | J101: =IFERROR(IF(A101>0,I101/G101,""),"–") | K101: =IF(A101>0,COUNTIF('Барабан'!K:K,A101),"") | L101: =IF(A101>0,COUNTIF('Барабан'!V:V,A101),"") | M101: =IF(A101>0,IFERROR(O101-N101,TODAY()-N101),"") | N101: =IFERROR(__xludf.DUMMYFUNCTION("IF(A101>0,MIN(FILTER('Барабан'!AJ:AJ,'Барабан'!K:K=A101)),"""")"),"") | O101: =IFERROR(__xludf.DUMMYFUNCTION("IF(A101>0,IFERROR(MAX(FILTER('Барабан'!AJ:AJ,'Барабан'!V:V=A101)),""–""),"""")"),"")
A102: ='Справочник'!E97 | B102: =IF(A102>0,SUMIF('Барабан'!K:K,A102,'Барабан'!I:I),"") | C102: =IF(A102>0,SUMIF('Барабан'!V:V,A102,'Барабан'!T:T),"") | D102: =IF(A102>0,SUMIF('Барабан'!K:K,A102,'Барабан'!AG:AG)+SUMIF('Барабан'!V:V,A102,'Барабан'!AG:AG),"") | E102: =IF(A102>0,ROUND(B102-C102,0),"") | F102: {=IFERROR(IF(E102=0,0,INDEX('Справочник'!G:G,MATCH(A102,'Справочник'!F:F,0))))} | G102: =IF(A102>0,SUMIF('Барабан'!K:K,A102,'Барабан'!P:P),"") | H102: =IF(A102>0,SUMIF('Барабан'!V:V,A102,'Барабан'!AA:AA),"") | I102: =IF(A102>0,H102+F102-G102-D102,"") | J102: =IFERROR(IF(A102>0,I102/G102,""),"–") | K102: =IF(A102>0,COUNTIF('Барабан'!K:K,A102),"") | L102: =IF(A102>0,COUNTIF('Барабан'!V:V,A102),"") | M102: =IF(A102>0,IFERROR(O102-N102,TODAY()-N102),"") | N102: =IFERROR(__xludf.DUMMYFUNCTION("IF(A102>0,MIN(FILTER('Барабан'!AJ:AJ,'Барабан'!K:K=A102)),"""")"),"") | O102: =IFERROR(__xludf.DUMMYFUNCTION("IF(A102>0,IFERROR(MAX(FILTER('Барабан'!AJ:AJ,'Барабан'!V:V=A102)),""–""),"""")"),"")
...

Sheet Справочник
A1: Тикеры | D1: Исключить | E1: Уникальные тикеры | F1: Еще держит | G1: Текущий P&L | I1: ='Исходник'!T1 -> Tx Hash | J1: Timestamp | K1: Timestamp (х) | L1: Проверка даты | O1: Кошелек
A2: =IFERROR(__xludf.DUMMYFUNCTION("FILTER('Барабан'!K2:K1575,'Барабан'!D2:D1575=""trade"")"),"#N/A") -> #N/A | B2: =IF(A2>0,IF(ISNA(MATCH(A2,$D$2:$D$55,0)),1,0),"") -> #N/A | D2: ETH | E2: =IFERROR(__xludf.DUMMYFUNCTION("unique(FILTER(A2:A1575,B2:B1575=1))"),"#N/A") -> #N/A | F2: =IFERROR(__xludf.DUMMYFUNCTION("FILTER('Анализ'!A7:A1005,'Анализ'!E7:E1005<>0)"),"") | I2: =#REF! -> #REF! | J2: {=IFERROR(INDEX('Исходник'!$1:$626,MATCH($I2,'Исходник'!$T:$T,0),MATCH(J$1,'Исходник'!$1:$1,0)))} | K2: =IF(I2>0, VALUE(LEFT(J2,10)),"") -> #REF! | L2: =IF(I2>0,IF(TODAY()-K2<'Анализ'!$D$4+1,1,0),"") -> #REF!
B3: =IF(A3>0,IF(ISNA(MATCH(A3,$D$2:$D$55,0)),1,0),"") | D3: BNB | G3: 10630 | I3: =#REF! -> #REF! | J3: {=IFERROR(INDEX('Исходник'!$1:$626,MATCH($I3,'Исходник'!$T:$T,0),MATCH(J$1,'Исходник'!$1:$1,0)))} | K3: =IF(I3>0, VALUE(LEFT(J3,10)),"") -> #REF! | L3: =IF(I3>0,IF(TODAY()-K3<'Анализ'!$D$4+1,1,0),"") -> #REF!
B4: =IF(A4>0,IF(ISNA(MATCH(A4,$D$2:$D$55,0)),1,0),"") | D4: BUSD | G4: 4123 | I4: =#REF! -> #REF! | J4: {=IFERROR(INDEX('Исходник'!$1:$626,MATCH($I4,'Исходник'!$T:$T,0),MATCH(J$1,'Исходник'!$1:$1,0)))} | K4: =IF(I4>0, VALUE(LEFT(J4,10)),"") -> #REF! | L4: =IF(I4>0,IF(TODAY()-K4<'Анализ'!$D$4+1,1,0),"") -> #REF! | O4: FALSE | P4: Кошелек заработал больше $8к за 30 дней ?
B5: =IF(A5>0,IF(ISNA(MATCH(A5,$D$2:$D$55,0)),1,0),"") | D5: USDC | I5: =#REF! -> #REF! | J5: {=IFERROR(INDEX('Исходник'!$1:$626,MATCH($I5,'Исходник'!$T:$T,0),MATCH(J$1,'Исходник'!$1:$1,0)))} | K5: =IF(I5>0, VALUE(LEFT(J5,10)),"") -> #REF! | L5: =IF(I5>0,IF(TODAY()-K5<'Анализ'!$D$4+1,1,0),"") -> #REF! | O5: FALSE | P5: Винрейт больше 45% за 30 дней?
B6: =IF(A6>0,IF(ISNA(MATCH(A6,$D$2:$D$55,0)),1,0),"") | D6: USDT | I6: =#REF! -> #REF! | J6: {=IFERROR(INDEX('Исходник'!$1:$626,MATCH($I6,'Исходник'!$T:$T,0),MATCH(J$1,'Исходник'!$1:$1,0)))} | K6: =IF(I6>0, VALUE(LEFT(J6,10)),"") -> #REF! | L6: =IF(I6>0,IF(TODAY()-K6<'Анализ'!$D$4+1,1,0),"") -> #REF! | O6: FALSE | P6: Средняя прибыль в сделке больше 10% за 30 дней
B7: =IF(A7>0,IF(ISNA(MATCH(A7,$D$2:$D$55,0)),1,0),"") | D7: WETH | I7: =#REF! -> #REF! | J7: {=IFERROR(INDEX('Исходник'!$1:$626,MATCH($I7,'Исходник'!$T:$T,0),MATCH(J$1,'Исходник'!$1:$1,0)))} | K7: =IF(I7>0, VALUE(LEFT(J7,10)),"") -> #REF! | L7: =IF(I7>0,IF(TODAY()-K7<'Анализ'!$D$4+1,1,0),"") -> #REF! | O7: FALSE | P7: Проторговано больше 5 монет за 30 дней
B8: =IF(A8>0,IF(ISNA(MATCH(A8,$D$2:$D$55,0)),1,0),"") | D8: BITCOIN | I8: =#REF! -> #REF! | J8: {=IFERROR(INDEX('Исходник'!$1:$626,MATCH($I8,'Исходник'!$T:$T,0),MATCH(J$1,'Исходник'!$1:$1,0)))} | K8: =IF(I8>0, VALUE(LEFT(J8,10)),"") -> #REF! | L8: =IF(I8>0,IF(TODAY()-K8<'Анализ'!$D$4+1,1,0),"") -> #REF! | O8: FALSE | P8: Деньги есть на балансе?
B9: =IF(A9>0,IF(ISNA(MATCH(A9,$D$2:$D$55,0)),1,0),"") | D9: USDC.E | I9: =#REF! -> #REF! | J9: {=IFERROR(INDEX('Исходник'!$1:$626,MATCH($I9,'Исходник'!$T:$T,0),MATCH(J$1,'Исходник'!$1:$1,0)))} | K9: =IF(I9>0, VALUE(LEFT(J9,10)),"") -> #REF! | L9: =IF(I9>0,IF(TODAY()-K9<'Анализ'!$D$4+1,1,0),"") -> #REF! | O9: FALSE | P9: Кошелек начал торговать/создан более недели назад?
B10: =IF(A10>0,IF(ISNA(MATCH(A10,$D$2:$D$55,0)),1,0),"") | I10: =#REF! -> #REF! | J10: {=IFERROR(INDEX('Исходник'!$1:$626,MATCH($I10,'Исходник'!$T:$T,0),MATCH(J$1,'Исходник'!$1:$1,0)))} | K10: =IF(I10>0, VALUE(LEFT(J10,10)),"") -> #REF! | L10: =IF(I10>0,IF(TODAY()-K10<'Анализ'!$D$4+1,1,0),"") -> #REF! | O10: FALSE | P10: Кошелек в плюсе за последнюю неделю?
B11: =IF(A11>0,IF(ISNA(MATCH(A11,$D$2:$D$55,0)),1,0),"") | I11: =#REF! -> #REF! | J11: {=IFERROR(INDEX('Исходник'!$1:$626,MATCH($I11,'Исходник'!$T:$T,0),MATCH(J$1,'Исходник'!$1:$1,0)))} | K11: =IF(I11>0, VALUE(LEFT(J11,10)),"") -> #REF! | L11: =IF(I11>0,IF(TODAY()-K11<'Анализ'!$D$4+1,1,0),"") -> #REF! | O11: FALSE | P11: Кошелек в основном торгует токенами с ликвидностью выше $15к?
B12: =IF(A12>0,IF(ISNA(MATCH(A12,$D$2:$D$55,0)),1,0),"") | I12: =#REF! -> #REF! | J12: {=IFERROR(INDEX('Исходник'!$1:$626,MATCH($I12,'Исходник'!$T:$T,0),MATCH(J$1,'Исходник'!$1:$1,0)))} | K12: =IF(I12>0, VALUE(LEFT(J12,10)),"") -> #REF! | L12: =IF(I12>0,IF(TODAY()-K12<'Анализ'!$D$4+1,1,0),"") -> #REF! | O12: FALSE | P12: У кошелька меньше 15% скам токенов?
B13: =IF(A13>0,IF(ISNA(MATCH(A13,$D$2:$D$55,0)),1,0),"") | I13: =#REF! -> #REF! | J13: {=IFERROR(INDEX('Исходник'!$1:$626,MATCH($I13,'Исходник'!$T:$T,0),MATCH(J$1,'Исходник'!$1:$1,0)))} | K13: =IF(I13>0, VALUE(LEFT(J13,10)),"") -> #REF! | L13: =IF(I13>0,IF(TODAY()-K13<'Анализ'!$D$4+1,1,0),"") -> #REF! | O13: FALSE | P13: Вы бы успевали потвторять и зарабатывать вместе с ним?
B14: =IF(A14>0,IF(ISNA(MATCH(A14,$D$2:$D$55,0)),1,0),"") | I14: =#REF! -> #REF! | J14: {=IFERROR(INDEX('Исходник'!$1:$626,MATCH($I14,'Исходник'!$T:$T,0),MATCH(J$1,'Исходник'!$1:$1,0)))} | K14: =IF(I14>0, VALUE(LEFT(J14,10)),"") -> #REF! | L14: =IF(I14>0,IF(TODAY()-K14<'Анализ'!$D$4+1,1,0),"") -> #REF! | O14: =COUNTIF(O4:O13,TRUE()) -> 0 | P14: =IF(O14>8,"Кошелек подходит для слежения",IF(O14>6,"Кошелек можно добавить в базу, ждём улучшения показателей","Кошелек не подходит по параметрам")) -> Кошелек не подходит по параметрам
B15: =IF(A15>0,IF(ISNA(MATCH(A15,$D$2:$D$55,0)),1,0),"") | I15: =#REF! -> #REF! | J15: {=IFERROR(INDEX('Исходник'!$1:$626,MATCH($I15,'Исходник'!$T:$T,0),MATCH(J$1,'Исходник'!$1:$1,0)))} | K15: =IF(I15>0, VALUE(LEFT(J15,10)),"") -> #REF! | L15: =IF(I15>0,IF(TODAY()-K15<'Анализ'!$D$4+1,1,0),"") -> #REF!
B16: =IF(A16>0,IF(ISNA(MATCH(A16,$D$2:$D$55,0)),1,0),"") | I16: =#REF! -> #REF! | J16: {=IFERROR(INDEX('Исходник'!$1:$626,MATCH($I16,'Исходник'!$T:$T,0),MATCH(J$1,'Исходник'!$1:$1,0)))} | K16: =IF(I16>0, VALUE(LEFT(J16,10)),"") -> #REF! | L16: =IF(I16>0,IF(TODAY()-K16<'Анализ'!$D$4+1,1,0),"") -> #REF!
B17: =IF(A17>0,IF(ISNA(MATCH(A17,$D$2:$D$55,0)),1,0),"") | I17: =#REF! -> #REF! | J17: {=IFERROR(INDEX('Исходник'!$1:$626,MATCH($I17,'Исходник'!$T:$T,0),MATCH(J$1,'Исходник'!$1:$1,0)))} | K17: =IF(I17>0, VALUE(LEFT(J17,10)),"") -> #REF! | L17: =IF(I17>0,IF(TODAY()-K17<'Анализ'!$D$4+1,1,0),"") -> #REF!
B18: =IF(A18>0,IF(ISNA(MATCH(A18,$D$2:$D$55,0)),1,0),"") | I18: =#REF! -> #REF! | J18: {=IFERROR(INDEX('Исходник'!$1:$626,MATCH($I18,'Исходник'!$T:$T,0),MATCH(J$1,'Исходник'!$1:$1,0)))} | K18: =IF(I18>0, VALUE(LEFT(J18,10)),"") -> #REF! | L18: =IF(I18>0,IF(TODAY()-K18<'Анализ'!$D$4+1,1,0),"") -> #REF!
B19: =IF(A19>0,IF(ISNA(MATCH(A19,$D$2:$D$55,0)),1,0),"") | I19: =#REF! -> #REF! | J19: {=IFERROR(INDEX('Исходник'!$1:$626,MATCH($I19,'Исходник'!$T:$T,0),MATCH(J$1,'Исходник'!$1:$1,0)))} | K19: =IF(I19>0, VALUE(LEFT(J19,10)),"") -> #REF! | L19: =IF(I19>0,IF(TODAY()-K19<'Анализ'!$D$4+1,1,0),"") -> #REF!
B20: =IF(A20>0,IF(ISNA(MATCH(A20,$D$2:$D$55,0)),1,0),"") | I20: =#REF! -> #REF! | J20: {=IFERROR(INDEX('Исходник'!$1:$626,MATCH($I20,'Исходник'!$T:$T,0),MATCH(J$1,'Исходник'!$1:$1,0)))} | K20: =IF(I20>0, VALUE(LEFT(J20,10)),"") -> #REF! | L20: =IF(I20>0,IF(TODAY()-K20<'Анализ'!$D$4+1,1,0),"") -> #REF!
B21: =IF(A21>0,IF(ISNA(MATCH(A21,$D$2:$D$55,0)),1,0),"") | I21: =#REF! -> #REF! | J21: {=IFERROR(INDEX('Исходник'!$1:$626,MATCH($I21,'Исходник'!$T:$T,0),MATCH(J$1,'Исходник'!$1:$1,0)))} | K21: =IF(I21>0, VALUE(LEFT(J21,10)),"") -> #REF! | L21: =IF(I21>0,IF(TODAY()-K21<'Анализ'!$D$4+1,1,0),"") -> #REF!
B22: =IF(A22>0,IF(ISNA(MATCH(A22,$D$2:$D$55,0)),1,0),"") | I22: =#REF! -> #REF! | J22: {=IFERROR(INDEX('Исходник'!$1:$626,MATCH($I22,'Исходник'!$T:$T,0),MATCH(J$1,'Исходник'!$1:$1,0)))} | K22: =IF(I22>0, VALUE(LEFT(J22,10)),"") -> #REF! | L22: =IF(I22>0,IF(TODAY()-K22<'Анализ'!$D$4+1,1,0),"") -> #REF!
B23: =IF(A23>0,IF(ISNA(MATCH(A23,$D$2:$D$55,0)),1,0),"") | I23: =#REF! -> #REF! | J23: {=IFERROR(INDEX('Исходник'!$1:$626,MATCH($I23,'Исходник'!$T:$T,0),MATCH(J$1,'Исходник'!$1:$1,0)))} | K23: =IF(I23>0, VALUE(LEFT(J23,10)),"") -> #REF! | L23: =IF(I23>0,IF(TODAY()-K23<'Анализ'!$D$4+1,1,0),"") -> #REF!
B24: =IF(A24>0,IF(ISNA(MATCH(A24,$D$2:$D$55,0)),1,0),"") | I24: =#REF! -> #REF! | J24: {=IFERROR(INDEX('Исходник'!$1:$626,MATCH($I24,'Исходник'!$T:$T,0),MATCH(J$1,'Исходник'!$1:$1,0)))} | K24: =IF(I24>0, VALUE(LEFT(J24,10)),"") -> #REF! | L24: =IF(I24>0,IF(TODAY()-K24<'Анализ'!$D$4+1,1,0),"") -> #REF!
B25: =IF(A25>0,IF(ISNA(MATCH(A25,$D$2:$D$55,0)),1,0),"") | I25: =#REF! -> #REF! | J25: {=IFERROR(INDEX('Исходник'!$1:$626,MATCH($I25,'Исходник'!$T:$T,0),MATCH(J$1,'Исходник'!$1:$1,0)))} | K25: =IF(I25>0, VALUE(LEFT(J25,10)),"") -> #REF! | L25: =IF(I25>0,IF(TODAY()-K25<'Анализ'!$D$4+1,1,0),"") -> #REF!
B26: =IF(A26>0,IF(ISNA(MATCH(A26,$D$2:$D$55,0)),1,0),"") | I26: =#REF! -> #REF! | J26: {=IFERROR(INDEX('Исходник'!$1:$626,MATCH($I26,'Исходник'!$T:$T,0),MATCH(J$1,'Исходник'!$1:$1,0)))} | K26: =IF(I26>0, VALUE(LEFT(J26,10)),"") -> #REF! | L26: =IF(I26>0,IF(TODAY()-K26<'Анализ'!$D$4+1,1,0),"") -> #REF!
... B375: =IF(A375>0,IF(ISNA(MATCH(A375,$D$2:$D$55,0)),1,0),"") | I375: =#REF! -> #REF! | J375: {=IFERROR(INDEX('Исходник'!$1:$626,MATCH($I375,'Исходник'!$T:$T,0),MATCH(J$1,'Исходник'!$1:$1,0)))} | K375: =IF(I375>0, VALUE(LEFT(J375,10)),"") -> #REF! | L375: =IF(I375>0,IF(TODAY()-K375<'Анализ'!$D$4+1,1,0),"") -> #REF!
B376: =IF(A376>0,IF(ISNA(MATCH(A376,$D$2:$D$55,0)),1,0),"") | I376: ='Исходник'!T2 | J376: {=IFERROR(INDEX('Исходник'!$1:$626,MATCH($I376,'Исходник'!$T:$T,0),MATCH(J$1,'Исходник'!$1:$1,0)))} | K376: =IF(I376>0, VALUE(LEFT(J376,10)),"") | L376: =IF(I376>0,IF(TODAY()-K376<'Анализ'!$D$4+1,1,0),"")
B377: =IF(A377>0,IF(ISNA(MATCH(A377,$D$2:$D$55,0)),1,0),"") | I377: ='Исходник'!T3 | J377: {=IFERROR(INDEX('Исходник'!$1:$626,MATCH($I377,'Исходник'!$T:$T,0),MATCH(J$1,'Исходник'!$1:$1,0)))} | K377: =IF(I377>0, VALUE(LEFT(J377,10)),"") | L377: =IF(I377>0,IF(TODAY()-K377<'Анализ'!$D$4+1,1,0),"")
B378: =IF(A378>0,IF(ISNA(MATCH(A378,$D$2:$D$55,0)),1,0),"") | I378: ='Исходник'!T4 | J378: {=IFERROR(INDEX('Исходник'!$1:$626,MATCH($I378,'Исходник'!$T:$T,0),MATCH(J$1,'Исходник'!$1:$1,0)))} | K378: =IF(I378>0, VALUE(LEFT(J378,10)),"") | L378: =IF(I378>0,IF(TODAY()-K378<'Анализ'!$D$4+1,1,0),"")
B379: =IF(A379>0,IF(ISNA(MATCH(A379,$D$2:$D$55,0)),1,0),"") | I379: ='Исходник'!T5 | J379: {=IFERROR(INDEX('Исходник'!$1:$626,MATCH($I379,'Исходник'!$T:$T,0),MATCH(J$1,'Исходник'!$1:$1,0)))} | K379: =IF(I379>0, VALUE(LEFT(J379,10)),"") | L379: =IF(I379>0,IF(TODAY()-K379<'Анализ'!$D$4+1,1,0),"")
B380: =IF(A380>0,IF(ISNA(MATCH(A380,$D$2:$D$55,0)),1,0),"") | I380: ='Исходник'!T6 | J380: {=IFERROR(INDEX('Исходник'!$1:$626,MATCH($I380,'Исходник'!$T:$T,0),MATCH(J$1,'Исходник'!$1:$1,0)))} | K380: =IF(I380>0, VALUE(LEFT(J380,10)),"") | L380: =IF(I380>0,IF(TODAY()-K380<'Анализ'!$D$4+1,1,0),"")
B381: =IF(A381>0,IF(ISNA(MATCH(A381,$D$2:$D$55,0)),1,0),"") | I381: ='Исходник'!T7 | J381: {=IFERROR(INDEX('Исходник'!$1:$626,MATCH($I381,'Исходник'!$T:$T,0),MATCH(J$1,'Исходник'!$1:$1,0)))} | K381: =IF(I381>0, VALUE(LEFT(J381,10)),"") | L381: =IF(I381>0,IF(TODAY()-K381<'Анализ'!$D$4+1,1,0),"")
B382: =IF(A382>0,IF(ISNA(MATCH(A382,$D$2:$D$55,0)),1,0),"") | I382: ='Исходник'!T8 | J382: {=IFERROR(INDEX('Исходник'!$1:$626,MATCH($I382,'Исходник'!$T:$T,0),MATCH(J$1,'Исходник'!$1:$1,0)))} | K382: =IF(I382>0, VALUE(LEFT(J382,10)),"") | L382: =IF(I382>0,IF(TODAY()-K382<'Анализ'!$D$4+1,1,0),"")
B383: =IF(A383>0,IF(ISNA(MATCH(A383,$D$2:$D$55,0)),1,0),"") | I383: ='Исходник'!T9 | J383: {=IFERROR(INDEX('Исходник'!$1:$626,MATCH($I383,'Исходник'!$T:$T,0),MATCH(J$1,'Исходник'!$1:$1,0)))} | K383: =IF(I383>0, VALUE(LEFT(J383,10)),"") | L383: =IF(I383>0,IF(TODAY()-K383<'Анализ'!$D$4+1,1,0),"")
B384: =IF(A384>0,IF(ISNA(MATCH(A384,$D$2:$D$55,0)),1,0),"") | I384: ='Исходник'!T10 | J384: {=IFERROR(INDEX('Исходник'!$1:$626,MATCH($I384,'Исходник'!$T:$T,0),MATCH(J$1,'Исходник'!$1:$1,0)))} | K384: =IF(I384>0, VALUE(LEFT(J384,10)),"") | L384: =IF(I384>0,IF(TODAY()-K384<'Анализ'!$D$4+1,1,0),"")
B385: =IF(A385>0,IF(ISNA(MATCH(A385,$D$2:$D$55,0)),1,0),"") | I385: ='Исходник'!T11 | J385: {=IFERROR(INDEX('Исходник'!$1:$626,MATCH($I385,'Исходник'!$T:$T,0),MATCH(J$1,'Исходник'!$1:$1,0)))} | K385: =IF(I385>0, VALUE(LEFT(J385,10)),"") | L385: =IF(I385>0,IF(TODAY()-K385<'Анализ'!$D$4+1,1,0),"")
B386: =IF(A386>0,IF(ISNA(MATCH(A386,$D$2:$D$55,0)),1,0),"") | I386: ='Исходник'!T12 | J386: {=IFERROR(INDEX('Исходник'!$1:$626,MATCH($I386,'Исходник'!$T:$T,0),MATCH(J$1,'Исходник'!$1:$1,0)))} | K386: =IF(I386>0, VALUE(LEFT(J386,10)),"") | L386: =IF(I386>0,IF(TODAY()-K386<'Анализ'!$D$4+1,1,0),"")
B387: =IF(A387>0,IF(ISNA(MATCH(A387,$D$2:$D$55,0)),1,0),"") | I387: ='Исходник'!T13 | J387: {=IFERROR(INDEX('Исходник'!$1:$626,MATCH($I387,'Исходник'!$T:$T,0),MATCH(J$1,'Исходник'!$1:$1,0)))} | K387: =IF(I387>0, VALUE(LEFT(J387,10)),"") | L387: =IF(I387>0,IF(TODAY()-K387<'Анализ'!$D$4+1,1,0),"")
... B1000: =IF(A1000>0,IF(ISNA(MATCH(A1000,$D$2:$D$55,0)),1,0),"") | I1000: ='Исходник'!T626 | J1000: {=IFERROR(INDEX('Исходник'!$1:$626,MATCH($I1000,'Исходник'!$T:$T,0),MATCH(J$1,'Исходник'!$1:$1,0)))} | K1000: =IF(I1000>0, VALUE(LEFT(J1000,10)),"") | L1000: =IF(I1000>0,IF(TODAY()-K1000<'Анализ'!$D$4+1,1,0),"")
B1001: =IF(A1001>0,IF(ISNA(MATCH(A1001,$D$2:$D$55,0)),1,0),"") | J1001: {=IFERROR(INDEX('Исходник'!$1:$626,MATCH($I1001,'Исходник'!$T:$T,0),MATCH(J$1,'Исходник'!$1:$1,0)))} | K1001: =IF(I1001>0, VALUE(LEFT(J1001,10)),"") | L1001: =IF(I1001>0,IF(TODAY()-K1001<'Анализ'!$D$4+1,1,0),"")
B1002: =IF(A1002>0,IF(ISNA(MATCH(A1002,$D$2:$D$55,0)),1,0),"") | J1002: {=IFERROR(INDEX('Исходник'!$1:$626,MATCH($I1002,'Исходник'!$T:$T,0),MATCH(J$1,'Исходник'!$1:$1,0)))} | K1002: =IF(I1002>0, VALUE(LEFT(J1002,10)),"") | L1002: =IF(I1002>0,IF(TODAY()-K1002<'Анализ'!$D$4+1,1,0),"")
B1003: =IF(A1003>0,IF(ISNA(MATCH(A1003,$D$2:$D$55,0)),1,0),"") | J1003: {=IFERROR(INDEX('Исходник'!$1:$626,MATCH($I1003,'Исходник'!$T:$T,0),MATCH(J$1,'Исходник'!$1:$1,0)))} | K1003: =IF(I1003>0, VALUE(LEFT(J1003,10)),"") | L1003: =IF(I1003>0,IF(TODAY()-K1003<'Анализ'!$D$4+1,1,0),"")
B1004: =IF(A1004>0,IF(ISNA(MATCH(A1004,$D$2:$D$55,0)),1,0),"") | J1004: {=IFERROR(INDEX('Исходник'!$1:$626,MATCH($I1004,'Исходник'!$T:$T,0),MATCH(J$1,'Исходник'!$1:$1,0)))} | K1004: =IF(I1004>0, VALUE(LEFT(J1004,10)),"") | L1004: =IF(I1004>0,IF(TODAY()-K1004<'Анализ'!$D$4+1,1,0),"")
B1005: =IF(A1005>0,IF(ISNA(MATCH(A1005,$D$2:$D$55,0)),1,0),"") | J1005: {=IFERROR(INDEX('Исходник'!$1:$626,MATCH($I1005,'Исходник'!$T:$T,0),MATCH(J$1,'Исходник'!$1:$1,0)))} | K1005: =IF(I1005>0, VALUE(LEFT(J1005,10)),"") | L1005: =IF(I1005>0,IF(TODAY()-K1005<'Анализ'!$D$4+1,1,0),"")
B1006: =IF(A1006>0,IF(ISNA(MATCH(A1006,$D$2:$D$55,0)),1,0),"") | J1006: {=IFERROR(INDEX('Исходник'!$1:$626,MATCH($I1006,'Исходник'!$T:$T,0),MATCH(J$1,'Исходник'!$1:$1,0)))} | K1006: =IF(I1006>0, VALUE(LEFT(J1006,10)),"") | L1006: =IF(I1006>0,IF(TODAY()-K1006<'Анализ'!$D$4+1,1,0),"")
B1007: =IF(A1007>0,IF(ISNA(MATCH(A1007,$D$2:$D$55,0)),1,0),"") | J1007: {=IFERROR(INDEX('Исходник'!$1:$626,MATCH($I1007,'Исходник'!$T:$T,0),MATCH(J$1,'Исходник'!$1:$1,0)))} | K1007: =IF(I1007>0, VALUE(LEFT(J1007,10)),"") | L1007: =IF(I1007>0,IF(TODAY()-K1007<'Анализ'!$D$4+1,1,0),"")
B1008: =IF(A1008>0,IF(ISNA(MATCH(A1008,$D$2:$D$55,0)),1,0),"") | J1008: {=IFERROR(INDEX('Исходник'!$1:$626,MATCH($I1008,'Исходник'!$T:$T,0),MATCH(J$1,'Исходник'!$1:$1,0)))} | K1008: =IF(I1008>0, VALUE(LEFT(J1008,10)),"") | L1008: =IF(I1008>0,IF(TODAY()-K1008<'Анализ'!$D$4+1,1,0),"")
B1009: =IF(A1009>0,IF(ISNA(MATCH(A1009,$D$2:$D$55,0)),1,0),"") | J1009: {=IFERROR(INDEX('Исходник'!$1:$626,MATCH($I1009,'Исходник'!$T:$T,0),MATCH(J$1,'Исходник'!$1:$1,0)))} | K1009: =IF(I1009>0, VALUE(LEFT(J1009,10)),"") | L1009: =IF(I1009>0,IF(TODAY()-K1009<'Анализ'!$D$4+1,1,0),"")
B1010: =IF(A1010>0,IF(ISNA(MATCH(A1010,$D$2:$D$55,0)),1,0),"") | J1010: {=IFERROR(INDEX('Исходник'!$1:$626,MATCH($I1010,'Исходник'!$T:$T,0),MATCH(J$1,'Исходник'!$1:$1,0)))} | K1010: =IF(I1010>0, VALUE(LEFT(J1010,10)),"") | L1010: =IF(I1010>0,IF(TODAY()-K1010<'Анализ'!$D$4+1,1,0),"")
B1011: =IF(A1011>0,IF(ISNA(MATCH(A1011,$D$2:$D$55,0)),1,0),"") | J1011: {=IFERROR(INDEX('Исходник'!$1:$626,MATCH($I1011,'Исходник'!$T:$T,0),MATCH(J$1,'Исходник'!$1:$1,0)))} | K1011: =IF(I1011>0, VALUE(LEFT(J1011,10)),"") | L1011: =IF(I1011>0,IF(TODAY()-K1011<'Анализ'!$D$4+1,1,0),"")
B1012: =IF(A1012>0,IF(ISNA(MATCH(A1012,$D$2:$D$55,0)),1,0),"") | J1012: {=IFERROR(INDEX('Исходник'!$1:$626,MATCH($I1012,'Исходник'!$T:$T,0),MATCH(J$1,'Исходник'!$1:$1,0)))} | K1012: =IF(I1012>0, VALUE(LEFT(J1012,10)),"") | L1012: =IF(I1012>0,IF(TODAY()-K1012<'Анализ'!$D$4+1,1,0),"")
... B1575: =IF(A1575>0,IF(ISNA(MATCH(A1575,$D$2:$D$55,0)),1,0),"") | J1575: {=IFERROR(INDEX('Исходник'!$1:$626,MATCH($I1575,'Исходник'!$T:$T,0),MATCH(J$1,'Исходник'!$1:$1,0)))} | K1575: =IF(I1575>0, VALUE(LEFT(J1575,10)),"") | L1575: =IF(I1575>0,IF(TODAY()-K1575<'Анализ'!$D$4+1,1,0),"")

Sheet Барабан
A1: ='Исходник'!T1 -> Tx Hash | B1: Date | C1: Time | D1: Transaction Type | E1: Status | F1: Chain | G1: Buy Amount | H1: Buy Amount (х1) | I1: Buy Amount (х) | J1: Buy Currency | K1: Buy Currency (х) | L1: Buy Currency Address | M1: Больший транзакции | N1: Buy Fiat Amount | O1: Buy Fiat Amount (х1) | P1: Buy Fiat Amount (х) | Q1: Buy Fiat Currency | R1: Sell Amount | S1: Sell Amount (х1) | T1: Sell Amount (х) | U1: Sell Currency | V1: Sell Currency (х) | W1: Sell Currency Address | X1: Больший транзакции (sell) | Y1: Sell Fiat Amount | Z1: Sell Fiat Amount (х1) | AA1: Sell Fiat Amount (х) | AB1: Sell Fiat Currency | AC1: Fee Amount | AD1: Fee Amount (х) | AE1: Fee Currency | AF1: Fee Fiat Amount | AG1: Fee Fiat Amount (х) | AH1: Fee Fiat Currency | AI1: Timestamp | AJ1: Timestamp (х)
A2: =IFERROR(__xludf.DUMMYFUNCTION("FILTER('Справочник'!I2:I1000,'Справочник'!L2:L1000=1)"),"#N/A") -> #N/A | B2: {=IFERROR(INDEX('Исходник'!$1:$626,MATCH($A2,'Исходник'!$T:$T,0),MATCH(B$1,'Исходник'!$1:$1,0)))} | C2: {=IFERROR(INDEX('Исходник'!$1:$626,MATCH($A2,'Исходник'!$T:$T,0),MATCH(C$1,'Исходник'!$1:$1,0)))} | D2: {=IFERROR(INDEX('Исходник'!$1:$626,MATCH($A2,'Исходник'!$T:$T,0),MATCH(D$1,'Исходник'!$1:$1,0)))} | E2: {=IFERROR(INDEX('Исходник'!$1:$626,MATCH($A2,'Исходник'!$T:$T,0),MATCH(E$1,'Исходник'!$1:$1,0)))} | F2: {=IFERROR(INDEX('Исходник'!$1:$626,MATCH($A2,'Исходник'!$T:$T,0),MATCH(F$1,'Исходник'!$1:$1,0)))} | G2: {=IFERROR(INDEX('Исходник'!$1:$626,MATCH($A2,'Исходник'!$T:$T,0),MATCH(G$1,'Исходник'!$1:$1,0)))} | H2: =IF(IFERROR(SEARCH(" ",G2))>0,SUM(IFERROR(VALUE(REPLACE(LEFT(G2,SEARCH(" ",G2)-1),SEARCH(".",LEFT(G2,SEARCH(" ",G2)-1),1),1,",")),LEFT(G2,SEARCH(" ",G2)-1)),IFERROR(VALUE(REPLACE(MID(G2,SEARCH(" ",G2)+1,LEN(G2)-SEARCH(" ",G2)),SEARCH(".",MID(G2,SEARCH(" ",G2)+1,LEN(G2)-SEARCH(" ",G2)),1),1,",")),MID(G2,SEARCH(" ",G2)+1,LEN(G2)-SEARCH(" ",G2)))),0) -> 0 | I2: =IF(H2>0,H2,IFERROR(VALUE(REPLACE(G2,SEARCH(".",G2,1),1,",")),G2)) | J2: {=IFERROR(INDEX('Исходник'!$1:$626,MATCH($A2,'Исходник'!$T:$T,0),MATCH(J$1,'Исходник'!$1:$1,0)))} | K2: =IFERROR(MID(J2,1,SEARCH(" ",J2,1)-1),J2) | L2: {=IFERROR(INDEX('Исходник'!$1:$626,MATCH($A2,'Исходник'!$T:$T,0),MATCH(L$1,'Исходник'!$1:$1,0)))} | M2: =IF(LEN(L2)>90,1,0) -> 0 | N2: {=IFERROR(INDEX('Исходник'!$1:$626,MATCH($A2,'Исходник'!$T:$T,0),MATCH(N$1,'Исходник'!$1:$1,0)))} | O2: =IF(IFERROR(SEARCH(" ",N2))>0,SUM(IFERROR(VALUE(REPLACE(LEFT(N2,SEARCH(" ",N2)-1),SEARCH(".",LEFT(N2,SEARCH(" ",N2)-1),1),1,",")),LEFT(N2,SEARCH(" ",N2)-1)),IFERROR(VALUE(REPLACE(MID(N2,SEARCH(" ",N2)+1,LEN(N2)-SEARCH(" ",N2)),SEARCH(".",MID(N2,SEARCH(" ",N2)+1,LEN(N2)-SEARCH(" ",N2)),1),1,",")),MID(N2,SEARCH(" ",N2)+1,LEN(N2)-SEARCH(" ",N2)))),0) -> 0 | P2: =IF(O2>0,O2,IFERROR(VALUE(REPLACE(N2,SEARCH(".",N2,1),1,",")),N2)) | Q2: {=IFERROR(INDEX('Исходник'!$1:$626,MATCH($A2,'Исходник'!$T:$T,0),MATCH(Q$1,'Исходник'!$1:$1,0)))} | R2: {=IFERROR(INDEX('Исходник'!$1:$626,MATCH($A2,'Исходник'!$T:$T,0),MATCH(R$1,'Исходник'!$1:$1,0)))} | S2: =IF(IFERROR(SEARCH(" ",R2))>0,SUM(IFERROR(VALUE(REPLACE(LEFT(R2,SEARCH(" ",R2)-1),SEARCH(".",LEFT(R2,SEARCH(" ",R2)-1),1),1,",")),LEFT(R2,SEARCH(" ",R2)-1)),IFERROR(VALUE(REPLACE(MID(R2,SEARCH(" ",R2)+1,LEN(R2)-SEARCH(" ",R2)),SEARCH(".",MID(R2,SEARCH(" ",R2)+1,LEN(R2)-SEARCH(" ",R2)),1),1,",")),MID(R2,SEARCH(" ",R2)+1,LEN(R2)-SEARCH(" ",R2)))),0) -> 0 | T2: =IF(S2>0,S2,IFERROR(VALUE(REPLACE(R2,SEARCH(".",R2,1),1,",")),R2)) | U2: {=IFERROR(INDEX('Исходник'!$1:$626,MATCH($A2,'Исходник'!$T:$T,0),MATCH(U$1,'Исходник'!$1:$1,0)))} | V2: =IFERROR(MID(U2,1,SEARCH(" ",U2,1)-1),U2) | W2: {=IFERROR(INDEX('Исходник'!$1:$626,MATCH($A2,'Исходник'!$T:$T,0),MATCH(W$1,'Исходник'!$1:$1,0)))} | X2: =IF(LEN(W2)>90,1,0) -> 0 | Y2: {=IFERROR(INDEX('Исходник'!$1:$626,MATCH($A2,'Исходник'!$T:$T,0),MATCH(Y$1,'Исходник'!$1:$1,0)))} | Z2: =IF(IFERROR(SEARCH(" ",Y2))>0,SUM(IFERROR(VALUE(REPLACE(LEFT(Y2,SEARCH(" ",Y2)-1),SEARCH(".",LEFT(Y2,SEARCH(" ",Y2)-1),1),1,",")),LEFT(Y2,SEARCH(" ",Y2)-1)),IFERROR(VALUE(REPLACE(MID(Y2,SEARCH(" ",Y2)+1,LEN(Y2)-SEARCH(" ",Y2)),SEARCH(".",MID(Y2,SEARCH(" ",Y2)+1,LEN(Y2)-SEARCH(" ",Y2)),1),1,",")),MID(Y2,SEARCH(" ",Y2)+1,LEN(Y2)-SEARCH(" ",Y2)))),0) -> 0 | AA2: =IF(Z2>0,Z2,IFERROR(VALUE(REPLACE(Y2,SEARCH(".",Y2,1),1,",")),Y2)) | AB2: {=IFERROR(INDEX('Исходник'!$1:$626,MATCH($A2,'Исходник'!$T:$T,0),MATCH(AB$1,'Исходник'!$1:$1,0)))} | AC2: {=IFERROR(INDEX('Исходник'!$1:$626,MATCH($A2,'Исходник'!$T:$T,0),MATCH(AC$1,'Исходник'!$1:$1,0)))} | AD2: =IFERROR(VALUE(REPLACE(AC2,SEARCH(".",AC2,1),1,",")),AC2) | AE2: {=IFERROR(INDEX('Исходник'!$1:$626,MATCH($A2,'Исходник'!$T:$T,0),MATCH(AE$1,'Исходник'!$1:$1,0)))} | AF2: {=IFERROR(INDEX('Исходник'!$1:$626,MATCH($A2,'Исходник'!$T:$T,0),MATCH(AF$1,'Исходник'!$1:$1,0)))} | AG2: =IFERROR(VALUE(REPLACE(AF2,SEARCH(".",AF2,1),1,",")),AF2) | AH2: {=IFERROR(INDEX('Исходник'!$1:$626,MATCH($A2,'Исходник'!$T:$T,0),MATCH(AH$1,'Исходник'!$1:$1,0)))} | AI2: {=IFERROR(INDEX('Исходник'!$1:$626,MATCH($A2,'Исходник'!$T:$T,0),MATCH(AI$1,'Исходник'!$1:$1,0)))} | AJ2: =VALUE(LEFT(AI2,10)) -> 0
B3: {=IFERROR(INDEX('Исходник'!$1:$626,MATCH($A3,'Исходник'!$T:$T,0),MATCH(B$1,'Исходник'!$1:$1,0)))} | C3: {=IFERROR(INDEX('Исходник'!$1:$626,MATCH($A3,'Исходник'!$T:$T,0),MATCH(C$1,'Исходник'!$1:$1,0)))} | D3: {=IFERROR(INDEX('Исходник'!$1:$626,MATCH($A3,'Исходник'!$T:$T,0),MATCH(D$1,'Исходник'!$1:$1,0)))} | E3: {=IFERROR(INDEX('Исходник'!$1:$626,MATCH($A3,'Исходник'!$T:$T,0),MATCH(E$1,'Исходник'!$1:$1,0)))} | F3: {=IFERROR(INDEX('Исходник'!$1:$626,MATCH($A3,'Исходник'!$T:$T,0),MATCH(F$1,'Исходник'!$1:$1,0)))} | G3: {=IFERROR(INDEX('Исходник'!$1:$626,MATCH($A3,'Исходник'!$T:$T,0),MATCH(G$1,'Исходник'!$1:$1,0)))} | H3: =IF(IFERROR(SEARCH(" ",G3))>0,SUM(IFERROR(VALUE(REPLACE(LEFT(G3,SEARCH(" ",G3)-1),SEARCH(".",LEFT(G3,SEARCH(" ",G3)-1),1),1,",")),LEFT(G3,SEARCH(" ",G3)-1)),IFERROR(VALUE(REPLACE(MID(G3,SEARCH(" ",G3)+1,LEN(G3)-SEARCH(" ",G3)),SEARCH(".",MID(G3,SEARCH(" ",G3)+1,LEN(G3)-SEARCH(" ",G3)),1),1,",")),MID(G3,SEARCH(" ",G3)+1,LEN(G3)-SEARCH(" ",G3)))),0) -> 0 | I3: =IF(H3>0,H3,IFERROR(VALUE(REPLACE(G3,SEARCH(".",G3,1),1,",")),G3)) | J3: {=IFERROR(INDEX('Исходник'!$1:$626,MATCH($A3,'Исходник'!$T:$T,0),MATCH(J$1,'Исходник'!$1:$1,0)))} | K3: =IFERROR(MID(J3,1,SEARCH(" ",J3,1)-1),J3) | L3: {=IFERROR(INDEX('Исходник'!$1:$626,MATCH($A3,'Исходник'!$T:$T,0),MATCH(L$1,'Исходник'!$1:$1,0)))} | M3: =IF(LEN(L3)>90,1,0) -> 0 | N3: {=IFERROR(INDEX('Исходник'!$1:$626,MATCH($A3,'Исходник'!$T:$T,0),MATCH(N$1,'Исходник'!$1:$1,0)))} | O3: =IF(IFERROR(SEARCH(" ",N3))>0,SUM(IFERROR(VALUE(REPLACE(LEFT(N3,SEARCH(" ",N3)-1),SEARCH(".",LEFT(N3,SEARCH(" ",N3)-1),1),1,",")),LEFT(N3,SEARCH(" ",N3)-1)),IFERROR(VALUE(REPLACE(MID(N3,SEARCH(" ",N3)+1,LEN(N3)-SEARCH(" ",N3)),SEARCH(".",MID(N3,SEARCH(" ",N3)+1,LEN(N3)-SEARCH(" ",N3)),1),1,",")),MID(N3,SEARCH(" ",N3)+1,LEN(N3)-SEARCH(" ",N3)))),0) -> 0 | P3: =IF(O3>0,O3,IFERROR(VALUE(REPLACE(N3,SEARCH(".",N3,1),1,",")),N3)) | Q3: {=IFERROR(INDEX('Исходник'!$1:$626,MATCH($A3,'Исходник'!$T:$T,0),MATCH(Q$1,'Исходник'!$1:$1,0)))} | R3: {=IFERROR(INDEX('Исходник'!$1:$626,MATCH($A3,'Исходник'!$T:$T,0),MATCH(R$1,'Исходник'!$1:$1,0)))} | S3: =IF(IFERROR(SEARCH(" ",R3))>0,SUM(IFERROR(VALUE(REPLACE(LEFT(R3,SEARCH(" ",R3)-1),SEARCH(".",LEFT(R3,SEARCH(" ",R3)-1),1),1,",")),LEFT(R3,SEARCH(" ",R3)-1)),IFERROR(VALUE(REPLACE(MID(R3,SEARCH(" ",R3)+1,LEN(R3)-SEARCH(" ",R3)),SEARCH(".",MID(R3,SEARCH(" ",R3)+1,LEN(R3)-SEARCH(" ",R3)),1),1,",")),MID(R3,SEARCH(" ",R3)+1,LEN(R3)-SEARCH(" ",R3)))),0) -> 0 | T3: =IF(S3>0,S3,IFERROR(VALUE(REPLACE(R3,SEARCH(".",R3,1),1,",")),R3)) | U3: {=IFERROR(INDEX('Исходник'!$1:$626,MATCH($A3,'Исходник'!$T:$T,0),MATCH(U$1,'Исходник'!$1:$1,0)))} | V3: =IFERROR(MID(U3,1,SEARCH(" ",U3,1)-1),U3) | W3: {=IFERROR(INDEX('Исходник'!$1:$626,MATCH($A3,'Исходник'!$T:$T,0),MATCH(W$1,'Исходник'!$1:$1,0)))} | X3: =IF(LEN(W3)>90,1,0) -> 0 | Y3: {=IFERROR(INDEX('Исходник'!$1:$626,MATCH($A3,'Исходник'!$T:$T,0),MATCH(Y$1,'Исходник'!$1:$1,0)))} | Z3: =IF(IFERROR(SEARCH(" ",Y3))>0,SUM(IFERROR(VALUE(REPLACE(LEFT(Y3,SEARCH(" ",Y3)-1),SEARCH(".",LEFT(Y3,SEARCH(" ",Y3)-1),1),1,",")),LEFT(Y3,SEARCH(" ",Y3)-1)),IFERROR(VALUE(REPLACE(MID(Y3,SEARCH(" ",Y3)+1,LEN(Y3)-SEARCH(" ",Y3)),SEARCH(".",MID(Y3,SEARCH(" ",Y3)+1,LEN(Y3)-SEARCH(" ",Y3)),1),1,",")),MID(Y3,SEARCH(" ",Y3)+1,LEN(Y3)-SEARCH(" ",Y3)))),0) -> 0 | AA3: =IF(Z3>0,Z3,IFERROR(VALUE(REPLACE(Y3,SEARCH(".",Y3,1),1,",")),Y3)) | AB3: {=IFERROR(INDEX('Исходник'!$1:$626,MATCH($A3,'Исходник'!$T:$T,0),MATCH(AB$1,'Исходник'!$1:$1,0)))} | AC3: {=IFERROR(INDEX('Исходник'!$1:$626,MATCH($A3,'Исходник'!$T:$T,0),MATCH(AC$1,'Исходник'!$1:$1,0)))} | AD3: =IFERROR(VALUE(REPLACE(AC3,SEARCH(".",AC3,1),1,",")),AC3) | AE3: {=IFERROR(INDEX('Исходник'!$1:$626,MATCH($A3,'Исходник'!$T:$T,0),MATCH(AE$1,'Исходник'!$1:$1,0)))} | AF3: {=IFERROR(INDEX('Исходник'!$1:$626,MATCH($A3,'Исходник'!$T:$T,0),MATCH(AF$1,'Исходник'!$1:$1,0)))} | AG3: =IFERROR(VALUE(REPLACE(AF3,SEARCH(".",AF3,1),1,",")),AF3) | AH3: {=IFERROR(INDEX('Исходник'!$1:$626,MATCH($A3,'Исходник'!$T:$T,0),MATCH(AH$1,'Исходник'!$1:$1,0)))} | AI3: {=IFERROR(INDEX('Исходник'!$1:$626,MATCH($A3,'Исходник'!$T:$T,0),MATCH(AI$1,'Исходник'!$1:$1,0)))} | AJ3: =VALUE(LEFT(AI3,10)) -> 0
B4: {=IFERROR(INDEX('Исходник'!$1:$626,MATCH($A4,'Исходник'!$T:$T,0),MATCH(B$1,'Исходник'!$1:$1,0)))} | C4: {=IFERROR(INDEX('Исходник'!$1:$626,MATCH($A4,'Исходник'!$T:$T,0),MATCH(C$1,'Исходник'!$1:$1,0)))} | D4: {=IFERROR(INDEX('Исходник'!$1:$626,MATCH($A4,'Исходник'!$T:$T,0),MATCH(D$1,'Исходник'!$1:$1,0)))} | E4: {=IFERROR(INDEX('Исходник'!$1:$626,MATCH($A4,'Исходник'!$T:$T,0),MATCH(E$1,'Исходник'!$1:$1,0)))} | F4: {=IFERROR(INDEX('Исходник'!$1:$626,MATCH($A4,'Исходник'!$T:$T,0),MATCH(F$1,'Исходник'!$1:$1,0)))} | G4: {=IFERROR(INDEX('Исходник'!$1:$626,MATCH($A4,'Исходник'!$T:$T,0),MATCH(G$1,'Исходник'!$1:$1,0)))} | H4: =IF(IFERROR(SEARCH(" ",G4))>0,SUM(IFERROR(VALUE(REPLACE(LEFT(G4,SEARCH(" ",G4)-1),SEARCH(".",LEFT(G4,SEARCH(" ",G4)-1),1),1,",")),LEFT(G4,SEARCH(" ",G4)-1)),IFERROR(VALUE(REPLACE(MID(G4,SEARCH(" ",G4)+1,LEN(G4)-SEARCH(" ",G4)),SEARCH(".",MID(G4,SEARCH(" ",G4)+1,LEN(G4)-SEARCH(" ",G4)),1),1,",")),MID(G4,SEARCH(" ",G4)+1,LEN(G4)-SEARCH(" ",G4)))),0) -> 0 | I4: =IF(H4>0,H4,IFERROR(VALUE(REPLACE(G4,SEARCH(".",G4,1),1,",")),G4)) | J4: {=IFERROR(INDEX('Исходник'!$1:$626,MATCH($A4,'Исходник'!$T:$T,0),MATCH(J$1,'Исходник'!$1:$1,0)))} | K4: =IFERROR(MID(J4,1,SEARCH(" ",J4,1)-1),J4) | L4: {=IFERROR(INDEX('Исходник'!$1:$626,MATCH($A4,'Исходник'!$T:$T,0),MATCH(L$1,'Исходник'!$1:$1,0)))} | M4: =IF(LEN(L4)>90,1,0) -> 0 | N4: {=IFERROR(INDEX('Исходник'!$1:$626,MATCH($A4,'Исходник'!$T:$T,0),MATCH(N$1,'Исходник'!$1:$1,0)))} | O4: =IF(IFERROR(SEARCH(" ",N4))>0,SUM(IFERROR(VALUE(REPLACE(LEFT(N4,SEARCH(" ",N4)-1),SEARCH(".",LEFT(N4,SEARCH(" ",N4)-1),1),1,",")),LEFT(N4,SEARCH(" ",N4)-1)),IFERROR(VALUE(REPLACE(MID(N4,SEARCH(" ",N4)+1,LEN(N4)-SEARCH(" ",N4)),SEARCH(".",MID(N4,SEARCH(" ",N4)+1,LEN(N4)-SEARCH(" ",N4)),1),1,",")),MID(N4,SEARCH(" ",N4)+1,LEN(N4)-SEARCH(" ",N4)))),0) -> 0 | P4: =IF(O4>0,O4,IFERROR(VALUE(REPLACE(N4,SEARCH(".",N4,1),1,",")),N4)) | Q4: {=IFERROR(INDEX('Исходник'!$1:$626,MATCH($A4,'Исходник'!$T:$T,0),MATCH(Q$1,'Исходник'!$1:$1,0)))} | R4: {=IFERROR(INDEX('Исходник'!$1:$626,MATCH($A4,'Исходник'!$T:$T,0),MATCH(R$1,'Исходник'!$1:$1,0)))} | S4: =IF(IFERROR(SEARCH(" ",R4))>0,SUM(IFERROR(VALUE(REPLACE(LEFT(R4,SEARCH(" ",R4)-1),SEARCH(".",LEFT(R4,SEARCH(" ",R4)-1),1),1,",")),LEFT(R4,SEARCH(" ",R4)-1)),IFERROR(VALUE(REPLACE(MID(R4,SEARCH(" ",R4)+1,LEN(R4)-SEARCH(" ",R4)),SEARCH(".",MID(R4,SEARCH(" ",R4)+1,LEN(R4)-SEARCH(" ",R4)),1),1,",")),MID(R4,SEARCH(" ",R4)+1,LEN(R4)-SEARCH(" ",R4)))),0) -> 0 | T4: =IF(S4>0,S4,IFERROR(VALUE(REPLACE(R4,SEARCH(".",R4,1),1,",")),R4)) | U4: {=IFERROR(INDEX('Исходник'!$1:$626,MATCH($A4,'Исходник'!$T:$T,0),MATCH(U$1,'Исходник'!$1:$1,0)))} | V4: =IFERROR(MID(U4,1,SEARCH(" ",U4,1)-1),U4) | W4: {=IFERROR(INDEX('Исходник'!$1:$626,MATCH($A4,'Исходник'!$T:$T,0),MATCH(W$1,'Исходник'!$1:$1,0)))} | X4: =IF(LEN(W4)>90,1,0) -> 0 | Y4: {=IFERROR(INDEX('Исходник'!$1:$626,MATCH($A4,'Исходник'!$T:$T,0),MATCH(Y$1,'Исходник'!$1:$1,0)))} | Z4: =IF(IFERROR(SEARCH(" ",Y4))>0,SUM(IFERROR(VALUE(REPLACE(LEFT(Y4,SEARCH(" ",Y4)-1),SEARCH(".",LEFT(Y4,SEARCH(" ",Y4)-1),1),1,",")),LEFT(Y4,SEARCH(" ",Y4)-1)),IFERROR(VALUE(REPLACE(MID(Y4,SEARCH(" ",Y4)+1,LEN(Y4)-SEARCH(" ",Y4)),SEARCH(".",MID(Y4,SEARCH(" ",Y4)+1,LEN(Y4)-SEARCH(" ",Y4)),1),1,",")),MID(Y4,SEARCH(" ",Y4)+1,LEN(Y4)-SEARCH(" ",Y4)))),0) -> 0 | AA4: =IF(Z4>0,Z4,IFERROR(VALUE(REPLACE(Y4,SEARCH(".",Y4,1),1,",")),Y4)) | AB4: {=IFERROR(INDEX('Исходник'!$1:$626,MATCH($A4,'Исходник'!$T:$T,0),MATCH(AB$1,'Исходник'!$1:$1,0)))} | AC4: {=IFERROR(INDEX('Исходник'!$1:$626,MATCH($A4,'Исходник'!$T:$T,0),MATCH(AC$1,'Исходник'!$1:$1,0)))} | AD4: =IFERROR(VALUE(REPLACE(AC4,SEARCH(".",AC4,1),1,",")),AC4) | AE4: {=IFERROR(INDEX('Исходник'!$1:$626,MATCH($A4,'Исходник'!$T:$T,0),MATCH(AE$1,'Исходник'!$1:$1,0)))} | AF4: {=IFERROR(INDEX('Исходник'!$1:$626,MATCH($A4,'Исходник'!$T:$T,0),MATCH(AF$1,'Исходник'!$1:$1,0)))} | AG4: =IFERROR(VALUE(REPLACE(AF4,SEARCH(".",AF4,1),1,",")),AF4) | AH4: {=IFERROR(INDEX('Исходник'!$1:$626,MATCH($A4,'Исходник'!$T:$T,0),MATCH(AH$1,'Исходник'!$1:$1,0)))} | AI4: {=IFERROR(INDEX('Исходник'!$1:$626,MATCH($A4,'Исходник'!$T:$T,0),MATCH(AI$1,'Исходник'!$1:$1,0)))} | AJ4: =VALUE(LEFT(AI4,10)) -> 0
B5: {=IFERROR(INDEX('Исходник'!$1:$626,MATCH($A5,'Исходник'!$T:$T,0),MATCH(B$1,'Исходник'!$1:$1,0)))} | C5: {=IFERROR(INDEX('Исходник'!$1:$626,MATCH($A5,'Исходник'!$T:$T,0),MATCH(C$1,'Исходник'!$1:$1,0)))} | D5: {=IFERROR(INDEX('Исходник'!$1:$626,MATCH($A5,'Исходник'!$T:$T,0),MATCH(D$1,'Исходник'!$1:$1,0)))} | E5: {=IFERROR(INDEX('Исходник'!$1:$626,MATCH($A5,'Исходник'!$T:$T,0),MATCH(E$1,'Исходник'!$1:$1,0)))} | F5: {=IFERROR(INDEX('Исходник'!$1:$626,MATCH($A5,'Исходник'!$T:$T,0),MATCH(F$1,'Исходник'!$1:$1,0)))} | G5: {=IFERROR(INDEX('Исходник'!$1:$626,MATCH($A5,'Исходник'!$T:$T,0),MATCH(G$1,'Исходник'!$1:$1,0)))} | H5: =IF(IFERROR(SEARCH(" ",G5))>0,SUM(IFERROR(VALUE(REPLACE(LEFT(G5,SEARCH(" ",G5)-1),SEARCH(".",LEFT(G5,SEARCH(" ",G5)-1),1),1,",")),LEFT(G5,SEARCH(" ",G5)-1)),IFERROR(VALUE(REPLACE(MID(G5,SEARCH(" ",G5)+1,LEN(G5)-SEARCH(" ",G5)),SEARCH(".",MID(G5,SEARCH(" ",G5)+1,LEN(G5)-SEARCH(" ",G5)),1),1,",")),MID(G5,SEARCH(" ",G5)+1,LEN(G5)-SEARCH(" ",G5)))),0) -> 0 | I5: =IF(H5>0,H5,IFERROR(VALUE(REPLACE(G5,SEARCH(".",G5,1),1,",")),G5)) | J5: {=IFERROR(INDEX('Исходник'!$1:$626,MATCH($A5,'Исходник'!$T:$T,0),MATCH(J$1,'Исходник'!$1:$1,0)))} | K5: =IFERROR(MID(J5,1,SEARCH(" ",J5,1)-1),J5) | L5: {=IFERROR(INDEX('Исходник'!$1:$626,MATCH($A5,'Исходник'!$T:$T,0),MATCH(L$1,'Исходник'!$1:$1,0)))} | M5: =IF(LEN(L5)>90,1,0) -> 0 | N5: {=IFERROR(INDEX('Исходник'!$1:$626,MATCH($A5,'Исходник'!$T:$T,0),MATCH(N$1,'Исходник'!$1:$1,0)))} | O5: =IF(IFERROR(SEARCH(" ",N5))>0,SUM(IFERROR(VALUE(REPLACE(LEFT(N5,SEARCH(" ",N5)-1),SEARCH(".",LEFT(N5,SEARCH(" ",N5)-1),1),1,",")),LEFT(N5,SEARCH(" ",N5)-1)),IFERROR(VALUE(REPLACE(MID(N5,SEARCH(" ",N5)+1,LEN(N5)-SEARCH(" ",N5)),SEARCH(".",MID(N5,SEARCH(" ",N5)+1,LEN(N5)-SEARCH(" ",N5)),1),1,",")),MID(N5,SEARCH(" ",N5)+1,LEN(N5)-SEARCH(" ",N5)))),0) -> 0 | P5: =IF(O5>0,O5,IFERROR(VALUE(REPLACE(N5,SEARCH(".",N5,1),1,",")),N5)) | Q5: {=IFERROR(INDEX('Исходник'!$1:$626,MATCH($A5,'Исходник'!$T:$T,0),MATCH(Q$1,'Исходник'!$1:$1,0)))} | R5: {=IFERROR(INDEX('Исходник'!$1:$626,MATCH($A5,'Исходник'!$T:$T,0),MATCH(R$1,'Исходник'!$1:$1,0)))} | S5: =IF(IFERROR(SEARCH(" ",R5))>0,SUM(IFERROR(VALUE(REPLACE(LEFT(R5,SEARCH(" ",R5)-1),SEARCH(".",LEFT(R5,SEARCH(" ",R5)-1),1),1,",")),LEFT(R5,SEARCH(" ",R5)-1)),IFERROR(VALUE(REPLACE(MID(R5,SEARCH(" ",R5)+1,LEN(R5)-SEARCH(" ",R5)),SEARCH(".",MID(R5,SEARCH(" ",R5)+1,LEN(R5)-SEARCH(" ",R5)),1),1,",")),MID(R5,SEARCH(" ",R5)+1,LEN(R5)-SEARCH(" ",R5)))),0) -> 0 | T5: =IF(S5>0,S5,IFERROR(VALUE(REPLACE(R5,SEARCH(".",R5,1),1,",")),R5)) | U5: {=IFERROR(INDEX('Исходник'!$1:$626,MATCH($A5,'Исходник'!$T:$T,0),MATCH(U$1,'Исходник'!$1:$1,0)))} | V5: =IFERROR(MID(U5,1,SEARCH(" ",U5,1)-1),U5) | W5: {=IFERROR(INDEX('Исходник'!$1:$626,MATCH($A5,'Исходник'!$T:$T,0),MATCH(W$1,'Исходник'!$1:$1,0)))} | X5: =IF(LEN(W5)>90,1,0) -> 0 | Y5: {=IFERROR(INDEX('Исходник'!$1:$626,MATCH($A5,'Исходник'!$T:$T,0),MATCH(Y$1,'Исходник'!$1:$1,0)))} | Z5: =IF(IFERROR(SEARCH(" ",Y5))>0,SUM(IFERROR(VALUE(REPLACE(LEFT(Y5,SEARCH(" ",Y5)-1),SEARCH(".",LEFT(Y5,SEARCH(" ",Y5)-1),1),1,",")),LEFT(Y5,SEARCH(" ",Y5)-1)),IFERROR(VALUE(REPLACE(MID(Y5,SEARCH(" ",Y5)+1,LEN(Y5)-SEARCH(" ",Y5)),SEARCH(".",MID(Y5,SEARCH(" ",Y5)+1,LEN(Y5)-SEARCH(" ",Y5)),1),1,",")),MID(Y5,SEARCH(" ",Y5)+1,LEN(Y5)-SEARCH(" ",Y5)))),0) -> 0 | AA5: =IF(Z5>0,Z5,IFERROR(VALUE(REPLACE(Y5,SEARCH(".",Y5,1),1,",")),Y5)) | AB5: {=IFERROR(INDEX('Исходник'!$1:$626,MATCH($A5,'Исходник'!$T:$T,0),MATCH(AB$1,'Исходник'!$1:$1,0)))} | AC5: {=IFERROR(INDEX('Исходник'!$1:$626,MATCH($A5,'Исходник'!$T:$T,0),MATCH(AC$1,'Исходник'!$1:$1,0)))} | AD5: =IFERROR(VALUE(REPLACE(AC5,SEARCH(".",AC5,1),1,",")),AC5) | AE5: {=IFERROR(INDEX('Исходник'!$1:$626,MATCH($A5,'Исходник'!$T:$T,0),MATCH(AE$1,'Исходник'!$1:$1,0)))} | AF5: {=IFERROR(INDEX('Исходник'!$1:$626,MATCH($A5,'Исходник'!$T:$T,0),MATCH(AF$1,'Исходник'!$1:$1,0)))} | AG5: =IFERROR(VALUE(REPLACE(AF5,SEARCH(".",AF5,1),1,",")),AF5) | AH5: {=IFERROR(INDEX('Исходник'!$1:$626,MATCH($A5,'Исходник'!$T:$T,0),MATCH(AH$1,'Исходник'!$1:$1,0)))} | AI5: {=IFERROR(INDEX('Исходник'!$1:$626,MATCH($A5,'Исходник'!$T:$T,0),MATCH(AI$1,'Исходник'!$1:$1,0)))} | AJ5: =VALUE(LEFT(AI5,10)) -> 0
B6: {=IFERROR(INDEX('Исходник'!$1:$626,MATCH($A6,'Исходник'!$T:$T,0),MATCH(B$1,'Исходник'!$1:$1,0)))} | C6: {=IFERROR(INDEX('Исходник'!$1:$626,MATCH($A6,'Исходник'!$T:$T,0),MATCH(C$1,'Исходник'!$1:$1,0)))} | D6: {=IFERROR(INDEX('Исходник'!$1:$626,MATCH($A6,'Исходник'!$T:$T,0),MATCH(D$1,'Исходник'!$1:$1,0)))} | E6: {=IFERROR(INDEX('Исходник'!$1:$626,MATCH($A6,'Исходник'!$T:$T,0),MATCH(E$1,'Исходник'!$1:$1,0)))} | F6: {=IFERROR(INDEX('Исходник'!$1:$626,MATCH($A6,'Исходник'!$T:$T,0),MATCH(F$1,'Исходник'!$1:$1,0)))} | G6: {=IFERROR(INDEX('Исходник'!$1:$626,MATCH($A6,'Исходник'!$T:$T,0),MATCH(G$1,'Исходник'!$1:$1,0)))} | H6: =IF(IFERROR(SEARCH(" ",G6))>0,SUM(IFERROR(VALUE(REPLACE(LEFT(G6,SEARCH(" ",G6)-1),SEARCH(".",LEFT(G6,SEARCH(" ",G6)-1),1),1,",")),LEFT(G6,SEARCH(" ",G6)-1)),IFERROR(VALUE(REPLACE(MID(G6,SEARCH(" ",G6)+1,LEN(G6)-SEARCH(" ",G6)),SEARCH(".",MID(G6,SEARCH(" ",G6)+1,LEN(G6)-SEARCH(" ",G6)),1),1,",")),MID(G6,SEARCH(" ",G6)+1,LEN(G6)-SEARCH(" ",G6)))),0) -> 0 | I6: =IF(H6>0,H6,IFERROR(VALUE(REPLACE(G6,SEARCH(".",G6,1),1,",")),G6)) | J6: {=IFERROR(INDEX('Исходник'!$1:$626,MATCH($A6,'Исходник'!$T:$T,0),MATCH(J$1,'Исходник'!$1:$1,0)))} | K6: =IFERROR(MID(J6,1,SEARCH(" ",J6,1)-1),J6) | L6: {=IFERROR(INDEX('Исходник'!$1:$626,MATCH($A6,'Исходник'!$T:$T,0),MATCH(L$1,'Исходник'!$1:$1,0)))} | M6: =IF(LEN(L6)>90,1,0) -> 0 | N6: {=IFERROR(INDEX('Исходник'!$1:$626,MATCH($A6,'Исходник'!$T:$T,0),MATCH(N$1,'Исходник'!$1:$1,0)))} | O6: =IF(IFERROR(SEARCH(" ",N6))>0,SUM(IFERROR(VALUE(REPLACE(LEFT(N6,SEARCH(" ",N6)-1),SEARCH(".",LEFT(N6,SEARCH(" ",N6)-1),1),1,",")),LEFT(N6,SEARCH(" ",N6)-1)),IFERROR(VALUE(REPLACE(MID(N6,SEARCH(" ",N6)+1,LEN(N6)-SEARCH(" ",N6)),SEARCH(".",MID(N6,SEARCH(" ",N6)+1,LEN(N6)-SEARCH(" ",N6)),1),1,",")),MID(N6,SEARCH(" ",N6)+1,LEN(N6)-SEARCH(" ",N6)))),0) -> 0 | P6: =IF(O6>0,O6,IFERROR(VALUE(REPLACE(N6,SEARCH(".",N6,1),1,",")),N6)) | Q6: {=IFERROR(INDEX('Исходник'!$1:$626,MATCH($A6,'Исходник'!$T:$T,0),MATCH(Q$1,'Исходник'!$1:$1,0)))} | R6: {=IFERROR(INDEX('Исходник'!$1:$626,MATCH($A6,'Исходник'!$T:$T,0),MATCH(R$1,'Исходник'!$1:$1,0)))} | S6: =IF(IFERROR(SEARCH(" ",R6))>0,SUM(IFERROR(VALUE(REPLACE(LEFT(R6,SEARCH(" ",R6)-1),SEARCH(".",LEFT(R6,SEARCH(" ",R6)-1),1),1,",")),LEFT(R6,SEARCH(" ",R6)-1)),IFERROR(VALUE(REPLACE(MID(R6,SEARCH(" ",R6)+1,LEN(R6)-SEARCH(" ",R6)),SEARCH(".",MID(R6,SEARCH(" ",R6)+1,LEN(R6)-SEARCH(" ",R6)),1),1,",")),MID(R6,SEARCH(" ",R6)+1,LEN(R6)-SEARCH(" ",R6)))),0) -> 0 | T6: =IF(S6>0,S6,IFERROR(VALUE(REPLACE(R6,SEARCH(".",R6,1),1,",")),R6)) | U6: {=IFERROR(INDEX('Исходник'!$1:$626,MATCH($A6,'Исходник'!$T:$T,0),MATCH(U$1,'Исходник'!$1:$1,0)))} | V6: =IFERROR(MID(U6,1,SEARCH(" ",U6,1)-1),U6) | W6: {=IFERROR(INDEX('Исходник'!$1:$626,MATCH($A6,'Исходник'!$T:$T,0),MATCH(W$1,'Исходник'!$1:$1,0)))} | X6: =IF(LEN(W6)>90,1,0) -> 0 | Y6: {=IFERROR(INDEX('Исходник'!$1:$626,MATCH($A6,'Исходник'!$T:$T,0),MATCH(Y$1,'Исходник'!$1:$1,0)))} | Z6: =IF(IFERROR(SEARCH(" ",Y6))>0,SUM(IFERROR(VALUE(REPLACE(LEFT(Y6,SEARCH(" ",Y6)-1),SEARCH(".",LEFT(Y6,SEARCH(" ",Y6)-1),1),1,",")),LEFT(Y6,SEARCH(" ",Y6)-1)),IFERROR(VALUE(REPLACE(MID(Y6,SEARCH(" ",Y6)+1,LEN(Y6)-SEARCH(" ",Y6)),SEARCH(".",MID(Y6,SEARCH(" ",Y6)+1,LEN(Y6)-SEARCH(" ",Y6)),1),1,",")),MID(Y6,SEARCH(" ",Y6)+1,LEN(Y6)-SEARCH(" ",Y6)))),0) -> 0 | AA6: =IF(Z6>0,Z6,IFERROR(VALUE(REPLACE(Y6,SEARCH(".",Y6,1),1,",")),Y6)) | AB6: {=IFERROR(INDEX('Исходник'!$1:$626,MATCH($A6,'Исходник'!$T:$T,0),MATCH(AB$1,'Исходник'!$1:$1,0)))} | AC6: {=IFERROR(INDEX('Исходник'!$1:$626,MATCH($A6,'Исходник'!$T:$T,0),MATCH(AC$1,'Исходник'!$1:$1,0)))} | AD6: =IFERROR(VALUE(REPLACE(AC6,SEARCH(".",AC6,1),1,",")),AC6) | AE6: {=IFERROR(INDEX('Исходник'!$1:$626,MATCH($A6,'Исходник'!$T:$T,0),MATCH(AE$1,'Исходник'!$1:$1,0)))} | AF6: {=IFERROR(INDEX('Исходник'!$1:$626,MATCH($A6,'Исходник'!$T:$T,0),MATCH(AF$1,'Исходник'!$1:$1,0)))} | AG6: =IFERROR(VALUE(REPLACE(AF6,SEARCH(".",AF6,1),1,",")),AF6) | AH6: {=IFERROR(INDEX('Исходник'!$1:$626,MATCH($A6,'Исходник'!$T:$T,0),MATCH(AH$1,'Исходник'!$1:$1,0)))} | AI6: {=IFERROR(INDEX('Исходник'!$1:$626,MATCH($A6,'Исходник'!$T:$T,0),MATCH(AI$1,'Исходник'!$1:$1,0)))} | AJ6: =VALUE(LEFT(AI6,10)) -> 0
B7: {=IFERROR(INDEX('Исходник'!$1:$626,MATCH($A7,'Исходник'!$T:$T,0),MATCH(B$1,'Исходник'!$1:$1,0)))} | C7: {=IFERROR(INDEX('Исходник'!$1:$626,MATCH($A7,'Исходник'!$T:$T,0),MATCH(C$1,'Исходник'!$1:$1,0)))} | D7: {=IFERROR(INDEX('Исходник'!$1:$626,MATCH($A7,'Исходник'!$T:$T,0),MATCH(D$1,'Исходник'!$1:$1,0)))} | E7: {=IFERROR(INDEX('Исходник'!$1:$626,MATCH($A7,'Исходник'!$T:$T,0),MATCH(E$1,'Исходник'!$1:$1,0)))} | F7: {=IFERROR(INDEX('Исходник'!$1:$626,MATCH($A7,'Исходник'!$T:$T,0),MATCH(F$1,'Исходник'!$1:$1,0)))} | G7: {=IFERROR(INDEX('Исходник'!$1:$626,MATCH($A7,'Исходник'!$T:$T,0),MATCH(G$1,'Исходник'!$1:$1,0)))} | H7: =IF(IFERROR(SEARCH(" ",G7))>0,SUM(IFERROR(VALUE(REPLACE(LEFT(G7,SEARCH(" ",G7)-1),SEARCH(".",LEFT(G7,SEARCH(" ",G7)-1),1),1,",")),LEFT(G7,SEARCH(" ",G7)-1)),IFERROR(VALUE(REPLACE(MID(G7,SEARCH(" ",G7)+1,LEN(G7)-SEARCH(" ",G7)),SEARCH(".",MID(G7,SEARCH(" ",G7)+1,LEN(G7)-SEARCH(" ",G7)),1),1,",")),MID(G7,SEARCH(" ",G7)+1,LEN(G7)-SEARCH(" ",G7)))),0) -> 0 | I7: =IF(H7>0,H7,IFERROR(VALUE(REPLACE(G7,SEARCH(".",G7,1),1,",")),G7)) | J7: {=IFERROR(INDEX('Исходник'!$1:$626,MATCH($A7,'Исходник'!$T:$T,0),MATCH(J$1,'Исходник'!$1:$1,0)))} | K7: =IFERROR(MID(J7,1,SEARCH(" ",J7,1)-1),J7) | L7: {=IFERROR(INDEX('Исходник'!$1:$626,MATCH($A7,'Исходник'!$T:$T,0),MATCH(L$1,'Исходник'!$1:$1,0)))} | M7: =IF(LEN(L7)>90,1,0) -> 0 | N7: {=IFERROR(INDEX('Исходник'!$1:$626,MATCH($A7,'Исходник'!$T:$T,0),MATCH(N$1,'Исходник'!$1:$1,0)))} | O7: =IF(IFERROR(SEARCH(" ",N7))>0,SUM(IFERROR(VALUE(REPLACE(LEFT(N7,SEARCH(" ",N7)-1),SEARCH(".",LEFT(N7,SEARCH(" ",N7)-1),1),1,",")),LEFT(N7,SEARCH(" ",N7)-1)),IFERROR(VALUE(REPLACE(MID(N7,SEARCH(" ",N7)+1,LEN(N7)-SEARCH(" ",N7)),SEARCH(".",MID(N7,SEARCH(" ",N7)+1,LEN(N7)-SEARCH(" ",N7)),1),1,",")),MID(N7,SEARCH(" ",N7)+1,LEN(N7)-SEARCH(" ",N7)))),0) -> 0 | P7: =IF(O7>0,O7,IFERROR(VALUE(REPLACE(N7,SEARCH(".",N7,1),1,",")),N7)) | Q7: {=IFERROR(INDEX('Исходник'!$1:$626,MATCH($A7,'Исходник'!$T:$T,0),MATCH(Q$1,'Исходник'!$1:$1,0)))} | R7: {=IFERROR(INDEX('Исходник'!$1:$626,MATCH($A7,'Исходник'!$T:$T,0),MATCH(R$1,'Исходник'!$1:$1,0)))} | S7: =IF(IFERROR(SEARCH(" ",R7))>0,SUM(IFERROR(VALUE(REPLACE(LEFT(R7,SEARCH(" ",R7)-1),SEARCH(".",LEFT(R7,SEARCH(" ",R7)-1),1),1,",")),LEFT(R7,SEARCH(" ",R7)-1)),IFERROR(VALUE(REPLACE(MID(R7,SEARCH(" ",R7)+1,LEN(R7)-SEARCH(" ",R7)),SEARCH(".",MID(R7,SEARCH(" ",R7)+1,LEN(R7)-SEARCH(" ",R7)),1),1,",")),MID(R7,SEARCH(" ",R7)+1,LEN(R7)-SEARCH(" ",R7)))),0) -> 0 | T7: =IF(S7>0,S7,IFERROR(VALUE(REPLACE(R7,SEARCH(".",R7,1),1,",")),R7)) | U7: {=IFERROR(INDEX('Исходник'!$1:$626,MATCH($A7,'Исходник'!$T:$T,0),MATCH(U$1,'Исходник'!$1:$1,0)))} | V7: =IFERROR(MID(U7,1,SEARCH(" ",U7,1)-1),U7) | W7: {=IFERROR(INDEX('Исходник'!$1:$626,MATCH($A7,'Исходник'!$T:$T,0),MATCH(W$1,'Исходник'!$1:$1,0)))} | X7: =IF(LEN(W7)>90,1,0) -> 0 | Y7: {=IFERROR(INDEX('Исходник'!$1:$626,MATCH($A7,'Исходник'!$T:$T,0),MATCH(Y$1,'Исходник'!$1:$1,0)))} | Z7: =IF(IFERROR(SEARCH(" ",Y7))>0,SUM(IFERROR(VALUE(REPLACE(LEFT(Y7,SEARCH(" ",Y7)-1),SEARCH(".",LEFT(Y7,SEARCH(" ",Y7)-1),1),1,",")),LEFT(Y7,SEARCH(" ",Y7)-1)),IFERROR(VALUE(REPLACE(MID(Y7,SEARCH(" ",Y7)+1,LEN(Y7)-SEARCH(" ",Y7)),SEARCH(".",MID(Y7,SEARCH(" ",Y7)+1,LEN(Y7)-SEARCH(" ",Y7)),1),1,",")),MID(Y7,SEARCH(" ",Y7)+1,LEN(Y7)-SEARCH(" ",Y7)))),0) -> 0 | AA7: =IF(Z7>0,Z7,IFERROR(VALUE(REPLACE(Y7,SEARCH(".",Y7,1),1,",")),Y7)) | AB7: {=IFERROR(INDEX('Исходник'!$1:$626,MATCH($A7,'Исходник'!$T:$T,0),MATCH(AB$1,'Исходник'!$1:$1,0)))} | AC7: {=IFERROR(INDEX('Исходник'!$1:$626,MATCH($A7,'Исходник'!$T:$T,0),MATCH(AC$1,'Исходник'!$1:$1,0)))} | AD7: =IFERROR(VALUE(REPLACE(AC7,SEARCH(".",AC7,1),1,",")),AC7) | AE7: {=IFERROR(INDEX('Исходник'!$1:$626,MATCH($A7,'Исходник'!$T:$T,0),MATCH(AE$1,'Исходник'!$1:$1,0)))} | AF7: {=IFERROR(INDEX('Исходник'!$1:$626,MATCH($A7,'Исходник'!$T:$T,0),MATCH(AF$1,'Исходник'!$1:$1,0)))} | AG7: =IFERROR(VALUE(REPLACE(AF7,SEARCH(".",AF7,1),1,",")),AF7) | AH7: {=IFERROR(INDEX('Исходник'!$1:$626,MATCH($A7,'Исходник'!$T:$T,0),MATCH(AH$1,'Исходник'!$1:$1,0)))} | AI7: {=IFERROR(INDEX('Исходник'!$1:$626,MATCH($A7,'Исходник'!$T:$T,0),MATCH(AI$1,'Исходник'!$1:$1,0)))} | AJ7: =VALUE(LEFT(AI7,10)) -> 0
B8: {=IFERROR(INDEX('Исходник'!$1:$626,MATCH($A8,'Исходник'!$T:$T,0),MATCH(B$1,'Исходник'!$1:$1,0)))} | C8: {=IFERROR(INDEX('Исходник'!$1:$626,MATCH($A8,'Исходник'!$T:$T,0),MATCH(C$1,'Исходник'!$1:$1,0)))} | D8: {=IFERROR(INDEX('Исходник'!$1:$626,MATCH($A8,'Исходник'!$T:$T,0),MATCH(D$1,'Исходник'!$1:$1,0)))} | E8: {=IFERROR(INDEX('Исходник'!$1:$626,MATCH($A8,'Исходник'!$T:$T,0),MATCH(E$1,'Исходник'!$1:$1,0)))} | F8: {=IFERROR(INDEX('Исходник'!$1:$626,MATCH($A8,'Исходник'!$T:$T,0),MATCH(F$1,'Исходник'!$1:$1,0)))} | G8: {=IFERROR(INDEX('Исходник'!$1:$626,MATCH($A8,'Исходник'!$T:$T,0),MATCH(G$1,'Исходник'!$1:$1,0)))} | H8: =IF(IFERROR(SEARCH(" ",G8))>0,SUM(IFERROR(VALUE(REPLACE(LEFT(G8,SEARCH(" ",G8)-1),SEARCH(".",LEFT(G8,SEARCH(" ",G8)-1),1),1,",")),LEFT(G8,SEARCH(" ",G8)-1)),IFERROR(VALUE(REPLACE(MID(G8,SEARCH(" ",G8)+1,LEN(G8)-SEARCH(" ",G8)),SEARCH(".",MID(G8,SEARCH(" ",G8)+1,LEN(G8)-SEARCH(" ",G8)),1),1,",")),MID(G8,SEARCH(" ",G8)+1,LEN(G8)-SEARCH(" ",G8)))),0) -> 0 | I8: =IF(H8>0,H8,IFERROR(VALUE(REPLACE(G8,SEARCH(".",G8,1),1,",")),G8)) | J8: {=IFERROR(INDEX('Исходник'!$1:$626,MATCH($A8,'Исходник'!$T:$T,0),MATCH(J$1,'Исходник'!$1:$1,0)))} | K8: =IFERROR(MID(J8,1,SEARCH(" ",J8,1)-1),J8) | L8: {=IFERROR(INDEX('Исходник'!$1:$626,MATCH($A8,'Исходник'!$T:$T,0),MATCH(L$1,'Исходник'!$1:$1,0)))} | M8: =IF(LEN(L8)>90,1,0) -> 0 | N8: {=IFERROR(INDEX('Исходник'!$1:$626,MATCH($A8,'Исходник'!$T:$T,0),MATCH(N$1,'Исходник'!$1:$1,0)))} | O8: =IF(IFERROR(SEARCH(" ",N8))>0,SUM(IFERROR(VALUE(REPLACE(LEFT(N8,SEARCH(" ",N8)-1),SEARCH(".",LEFT(N8,SEARCH(" ",N8)-1),1),1,",")),LEFT(N8,SEARCH(" ",N8)-1)),IFERROR(VALUE(REPLACE(MID(N8,SEARCH(" ",N8)+1,LEN(N8)-SEARCH(" ",N8)),SEARCH(".",MID(N8,SEARCH(" ",N8)+1,LEN(N8)-SEARCH(" ",N8)),1),1,",")),MID(N8,SEARCH(" ",N8)+1,LEN(N8)-SEARCH(" ",N8)))),0) -> 0 | P8: =IF(O8>0,O8,IFERROR(VALUE(REPLACE(N8,SEARCH(".",N8,1),1,",")),N8)) | Q8: {=IFERROR(INDEX('Исходник'!$1:$626,MATCH($A8,'Исходник'!$T:$T,0),MATCH(Q$1,'Исходник'!$1:$1,0)))} | R8: {=IFERROR(INDEX('Исходник'!$1:$626,MATCH($A8,'Исходник'!$T:$T,0),MATCH(R$1,'Исходник'!$1:$1,0)))} | S8: =IF(IFERROR(SEARCH(" ",R8))>0,SUM(IFERROR(VALUE(REPLACE(LEFT(R8,SEARCH(" ",R8)-1),SEARCH(".",LEFT(R8,SEARCH(" ",R8)-1),1),1,",")),LEFT(R8,SEARCH(" ",R8)-1)),IFERROR(VALUE(REPLACE(MID(R8,SEARCH(" ",R8)+1,LEN(R8)-SEARCH(" ",R8)),SEARCH(".",MID(R8,SEARCH(" ",R8)+1,LEN(R8)-SEARCH(" ",R8)),1),1,",")),MID(R8,SEARCH(" ",R8)+1,LEN(R8)-SEARCH(" ",R8)))),0) -> 0 | T8: =IF(S8>0,S8,IFERROR(VALUE(REPLACE(R8,SEARCH(".",R8,1),1,",")),R8)) | U8: {=IFERROR(INDEX('Исходник'!$1:$626,MATCH($A8,'Исходник'!$T:$T,0),MATCH(U$1,'Исходник'!$1:$1,0)))} | V8: =IFERROR(MID(U8,1,SEARCH(" ",U8,1)-1),U8) | W8: {=IFERROR(INDEX('Исходник'!$1:$626,MATCH($A8,'Исходник'!$T:$T,0),MATCH(W$1,'Исходник'!$1:$1,0)))} | X8: =IF(LEN(W8)>90,1,0) -> 0 | Y8: {=IFERROR(INDEX('Исходник'!$1:$626,MATCH($A8,'Исходник'!$T:$T,0),MATCH(Y$1,'Исходник'!$1:$1,0)))} | Z8: =IF(IFERROR(SEARCH(" ",Y8))>0,SUM(IFERROR(VALUE(REPLACE(LEFT(Y8,SEARCH(" ",Y8)-1),SEARCH(".",LEFT(Y8,SEARCH(" ",Y8)-1),1),1,",")),LEFT(Y8,SEARCH(" ",Y8)-1)),IFERROR(VALUE(REPLACE(MID(Y8,SEARCH(" ",Y8)+1,LEN(Y8)-SEARCH(" ",Y8)),SEARCH(".",MID(Y8,SEARCH(" ",Y8)+1,LEN(Y8)-SEARCH(" ",Y8)),1),1,",")),MID(Y8,SEARCH(" ",Y8)+1,LEN(Y8)-SEARCH(" ",Y8)))),0) -> 0 | AA8: =IF(Z8>0,Z8,IFERROR(VALUE(REPLACE(Y8,SEARCH(".",Y8,1),1,",")),Y8)) | AB8: {=IFERROR(INDEX('Исходник'!$1:$626,MATCH($A8,'Исходник'!$T:$T,0),MATCH(AB$1,'Исходник'!$1:$1,0)))} | AC8: {=IFERROR(INDEX('Исходник'!$1:$626,MATCH($A8,'Исходник'!$T:$T,0),MATCH(AC$1,'Исходник'!$1:$1,0)))} | AD8: =IFERROR(VALUE(REPLACE(AC8,SEARCH(".",AC8,1),1,",")),AC8) | AE8: {=IFERROR(INDEX('Исходник'!$1:$626,MATCH($A8,'Исходник'!$T:$T,0),MATCH(AE$1,'Исходник'!$1:$1,0)))} | AF8: {=IFERROR(INDEX('Исходник'!$1:$626,MATCH($A8,'Исходник'!$T:$T,0),MATCH(AF$1,'Исходник'!$1:$1,0)))} | AG8: =IFERROR(VALUE(REPLACE(AF8,SEARCH(".",AF8,1),1,",")),AF8) | AH8: {=IFERROR(INDEX('Исходник'!$1:$626,MATCH($A8,'Исходник'!$T:$T,0),MATCH(AH$1,'Исходник'!$1:$1,0)))} | AI8: {=IFERROR(INDEX('Исходник'!$1:$626,MATCH($A8,'Исходник'!$T:$T,0),MATCH(AI$1,'Исходник'!$1:$1,0)))} | AJ8: =VALUE(LEFT(AI8,10)) -> 0
B9: {=IFERROR(INDEX('Исходник'!$1:$626,MATCH($A9,'Исходник'!$T:$T,0),MATCH(B$1,'Исходник'!$1:$1,0)))} | C9: {=IFERROR(INDEX('Исходник'!$1:$626,MATCH($A9,'Исходник'!$T:$T,0),MATCH(C$1,'Исходник'!$1:$1,0)))} | D9: {=IFERROR(INDEX('Исходник'!$1:$626,MATCH($A9,'Исходник'!$T:$T,0),MATCH(D$1,'Исходник'!$1:$1,0)))} | E9: {=IFERROR(INDEX('Исходник'!$1:$626,MATCH($A9,'Исходник'!$T:$T,0),MATCH(E$1,'Исходник'!$1:$1,0)))} | F9: {=IFERROR(INDEX('Исходник'!$1:$626,MATCH($A9,'Исходник'!$T:$T,0),MATCH(F$1,'Исходник'!$1:$1,0)))} | G9: {=IFERROR(INDEX('Исходник'!$1:$626,MATCH($A9,'Исходник'!$T:$T,0),MATCH(G$1,'Исходник'!$1:$1,0)))} | H9: =IF(IFERROR(SEARCH(" ",G9))>0,SUM(IFERROR(VALUE(REPLACE(LEFT(G9,SEARCH(" ",G9)-1),SEARCH(".",LEFT(G9,SEARCH(" ",G9)-1),1),1,",")),LEFT(G9,SEARCH(" ",G9)-1)),IFERROR(VALUE(REPLACE(MID(G9,SEARCH(" ",G9)+1,LEN(G9)-SEARCH(" ",G9)),SEARCH(".",MID(G9,SEARCH(" ",G9)+1,LEN(G9)-SEARCH(" ",G9)),1),1,",")),MID(G9,SEARCH(" ",G9)+1,LEN(G9)-SEARCH(" ",G9)))),0) -> 0 | I9: =IF(H9>0,H9,IFERROR(VALUE(REPLACE(G9,SEARCH(".",G9,1),1,",")),G9)) | J9: {=IFERROR(INDEX('Исходник'!$1:$626,MATCH($A9,'Исходник'!$T:$T,0),MATCH(J$1,'Исходник'!$1:$1,0)))} | K9: =IFERROR(MID(J9,1,SEARCH(" ",J9,1)-1),J9) | L9: {=IFERROR(INDEX('Исходник'!$1:$626,MATCH($A9,'Исходник'!$T:$T,0),MATCH(L$1,'Исходник'!$1:$1,0)))} | M9: =IF(LEN(L9)>90,1,0) -> 0 | N9: {=IFERROR(INDEX('Исходник'!$1:$626,MATCH($A9,'Исходник'!$T:$T,0),MATCH(N$1,'Исходник'!$1:$1,0)))} | O9: =IF(IFERROR(SEARCH(" ",N9))>0,SUM(IFERROR(VALUE(REPLACE(LEFT(N9,SEARCH(" ",N9)-1),SEARCH(".",LEFT(N9,SEARCH(" ",N9)-1),1),1,",")),LEFT(N9,SEARCH(" ",N9)-1)),IFERROR(VALUE(REPLACE(MID(N9,SEARCH(" ",N9)+1,LEN(N9)-SEARCH(" ",N9)),SEARCH(".",MID(N9,SEARCH(" ",N9)+1,LEN(N9)-SEARCH(" ",N9)),1),1,",")),MID(N9,SEARCH(" ",N9)+1,LEN(N9)-SEARCH(" ",N9)))),0) -> 0 | P9: =IF(O9>0,O9,IFERROR(VALUE(REPLACE(N9,SEARCH(".",N9,1),1,",")),N9)) | Q9: {=IFERROR(INDEX('Исходник'!$1:$626,MATCH($A9,'Исходник'!$T:$T,0),MATCH(Q$1,'Исходник'!$1:$1,0)))} | R9: {=IFERROR(INDEX('Исходник'!$1:$626,MATCH($A9,'Исходник'!$T:$T,0),MATCH(R$1,'Исходник'!$1:$1,0)))} | S9: =IF(IFERROR(SEARCH(" ",R9))>0,SUM(IFERROR(VALUE(REPLACE(LEFT(R9,SEARCH(" ",R9)-1),SEARCH(".",LEFT(R9,SEARCH(" ",R9)-1),1),1,",")),LEFT(R9,SEARCH(" ",R9)-1)),IFERROR(VALUE(REPLACE(MID(R9,SEARCH(" ",R9)+1,LEN(R9)-SEARCH(" ",R9)),SEARCH(".",MID(R9,SEARCH(" ",R9)+1,LEN(R9)-SEARCH(" ",R9)),1),1,",")),MID(R9,SEARCH(" ",R9)+1,LEN(R9)-SEARCH(" ",R9)))),0) -> 0 | T9: =IF(S9>0,S9,IFERROR(VALUE(REPLACE(R9,SEARCH(".",R9,1),1,",")),R9)) | U9: {=IFERROR(INDEX('Исходник'!$1:$626,MATCH($A9,'Исходник'!$T:$T,0),MATCH(U$1,'Исходник'!$1:$1,0)))} | V9: =IFERROR(MID(U9,1,SEARCH(" ",U9,1)-1),U9) | W9: {=IFERROR(INDEX('Исходник'!$1:$626,MATCH($A9,'Исходник'!$T:$T,0),MATCH(W$1,'Исходник'!$1:$1,0)))} | X9: =IF(LEN(W9)>90,1,0) -> 0 | Y9: {=IFERROR(INDEX('Исходник'!$1:$626,MATCH($A9,'Исходник'!$T:$T,0),MATCH(Y$1,'Исходник'!$1:$1,0)))} | Z9: =IF(IFERROR(SEARCH(" ",Y9))>0,SUM(IFERROR(VALUE(REPLACE(LEFT(Y9,SEARCH(" ",Y9)-1),SEARCH(".",LEFT(Y9,SEARCH(" ",Y9)-1),1),1,",")),LEFT(Y9,SEARCH(" ",Y9)-1)),IFERROR(VALUE(REPLACE(MID(Y9,SEARCH(" ",Y9)+1,LEN(Y9)-SEARCH(" ",Y9)),SEARCH(".",MID(Y9,SEARCH(" ",Y9)+1,LEN(Y9)-SEARCH(" ",Y9)),1),1,",")),MID(Y9,SEARCH(" ",Y9)+1,LEN(Y9)-SEARCH(" ",Y9)))),0) -> 0 | AA9: =IF(Z9>0,Z9,IFERROR(VALUE(REPLACE(Y9,SEARCH(".",Y9,1),1,",")),Y9)) | AB9: {=IFERROR(INDEX('Исходник'!$1:$626,MATCH($A9,'Исходник'!$T:$T,0),MATCH(AB$1,'Исходник'!$1:$1,0)))} | AC9: {=IFERROR(INDEX('Исходник'!$1:$626,MATCH($A9,'Исходник'!$T:$T,0),MATCH(AC$1,'Исходник'!$1:$1,0)))} | AD9: =IFERROR(VALUE(REPLACE(AC9,SEARCH(".",AC9,1),1,",")),AC9) | AE9: {=IFERROR(INDEX('Исходник'!$1:$626,MATCH($A9,'Исходник'!$T:$T,0),MATCH(AE$1,'Исходник'!$1:$1,0)))} | AF9: {=IFERROR(INDEX('Исходник'!$1:$626,MATCH($A9,'Исходник'!$T:$T,0),MATCH(AF$1,'Исходник'!$1:$1,0)))} | AG9: =IFERROR(VALUE(REPLACE(AF9,SEARCH(".",AF9,1),1,",")),AF9) | AH9: {=IFERROR(INDEX('Исходник'!$1:$626,MATCH($A9,'Исходник'!$T:$T,0),MATCH(AH$1,'Исходник'!$1:$1,0)))} | AI9: {=IFERROR(INDEX('Исходник'!$1:$626,MATCH($A9,'Исходник'!$T:$T,0),MATCH(AI$1,'Исходник'!$1:$1,0)))} | AJ9: =VALUE(LEFT(AI9,10)) -> 0
B10: {=IFERROR(INDEX('Исходник'!$1:$626,MATCH($A10,'Исходник'!$T:$T,0),MATCH(B$1,'Исходник'!$1:$1,0)))} | C10: {=IFERROR(INDEX('Исходник'!$1:$626,MATCH($A10,'Исходник'!$T:$T,0),MATCH(C$1,'Исходник'!$1:$1,0)))} | D10: {=IFERROR(INDEX('Исходник'!$1:$626,MATCH($A10,'Исходник'!$T:$T,0),MATCH(D$1,'Исходник'!$1:$1,0)))} | E10: {=IFERROR(INDEX('Исходник'!$1:$626,MATCH($A10,'Исходник'!$T:$T,0),MATCH(E$1,'Исходник'!$1:$1,0)))} | F10: {=IFERROR(INDEX('Исходник'!$1:$626,MATCH($A10,'Исходник'!$T:$T,0),MATCH(F$1,'Исходник'!$1:$1,0)))} | G10: {=IFERROR(INDEX('Исходник'!$1:$626,MATCH($A10,'Исходник'!$T:$T,0),MATCH(G$1,'Исходник'!$1:$1,0)))} | H10: =IF(IFERROR(SEARCH(" ",G10))>0,SUM(IFERROR(VALUE(REPLACE(LEFT(G10,SEARCH(" ",G10)-1),SEARCH(".",LEFT(G10,SEARCH(" ",G10)-1),1),1,",")),LEFT(G10,SEARCH(" ",G10)-1)),IFERROR(VALUE(REPLACE(MID(G10,SEARCH(" ",G10)+1,LEN(G10)-SEARCH(" ",G10)),SEARCH(".",MID(G10,SEARCH(" ",G10)+1,LEN(G10)-SEARCH(" ",G10)),1),1,",")),MID(G10,SEARCH(" ",G10)+1,LEN(G10)-SEARCH(" ",G10)))),0) -> 0 | I10: =IF(H10>0,H10,IFERROR(VALUE(REPLACE(G10,SEARCH(".",G10,1),1,",")),G10)) | J10: {=IFERROR(INDEX('Исходник'!$1:$626,MATCH($A10,'Исходник'!$T:$T,0),MATCH(J$1,'Исходник'!$1:$1,0)))} | K10: =IFERROR(MID(J10,1,SEARCH(" ",J10,1)-1),J10) | L10: {=IFERROR(INDEX('Исходник'!$1:$626,MATCH($A10,'Исходник'!$T:$T,0),MATCH(L$1,'Исходник'!$1:$1,0)))} | M10: =IF(LEN(L10)>90,1,0) -> 0 | N10: {=IFERROR(INDEX('Исходник'!$1:$626,MATCH($A10,'Исходник'!$T:$T,0),MATCH(N$1,'Исходник'!$1:$1,0)))} | O10: =IF(IFERROR(SEARCH(" ",N10))>0,SUM(IFERROR(VALUE(REPLACE(LEFT(N10,SEARCH(" ",N10)-1),SEARCH(".",LEFT(N10,SEARCH(" ",N10)-1),1),1,",")),LEFT(N10,SEARCH(" ",N10)-1)),IFERROR(VALUE(REPLACE(MID(N10,SEARCH(" ",N10)+1,LEN(N10)-SEARCH(" ",N10)),SEARCH(".",MID(N10,SEARCH(" ",N10)+1,LEN(N10)-SEARCH(" ",N10)),1),1,",")),MID(N10,SEARCH(" ",N10)+1,LEN(N10)-SEARCH(" ",N10)))),0) -> 0 | P10: =IF(O10>0,O10,IFERROR(VALUE(REPLACE(N10,SEARCH(".",N10,1),1,",")),N10)) | Q10: {=IFERROR(INDEX('Исходник'!$1:$626,MATCH($A10,'Исходник'!$T:$T,0),MATCH(Q$1,'Исходник'!$1:$1,0)))} | R10: {=IFERROR(INDEX('Исходник'!$1:$626,MATCH($A10,'Исходник'!$T:$T,0),MATCH(R$1,'Исходник'!$1:$1,0)))} | S10: =IF(IFERROR(SEARCH(" ",R10))>0,SUM(IFERROR(VALUE(REPLACE(LEFT(R10,SEARCH(" ",R10)-1),SEARCH(".",LEFT(R10,SEARCH(" ",R10)-1),1),1,",")),LEFT(R10,SEARCH(" ",R10)-1)),IFERROR(VALUE(REPLACE(MID(R10,SEARCH(" ",R10)+1,LEN(R10)-SEARCH(" ",R10)),SEARCH(".",MID(R10,SEARCH(" ",R10)+1,LEN(R10)-SEARCH(" ",R10)),1),1,",")),MID(R10,SEARCH(" ",R10)+1,LEN(R10)-SEARCH(" ",R10)))),0) -> 0 | T10: =IF(S10>0,S10,IFERROR(VALUE(REPLACE(R10,SEARCH(".",R10,1),1,",")),R10)) | U10: {=IFERROR(INDEX('Исходник'!$1:$626,MATCH($A10,'Исходник'!$T:$T,0),MATCH(U$1,'Исходник'!$1:$1,0)))} | V10: =IFERROR(MID(U10,1,SEARCH(" ",U10,1)-1),U10) | W10: {=IFERROR(INDEX('Исходник'!$1:$626,MATCH($A10,'Исходник'!$T:$T,0),MATCH(W$1,'Исходник'!$1:$1,0)))} | X10: =IF(LEN(W10)>90,1,0) -> 0 | Y10: {=IFERROR(INDEX('Исходник'!$1:$626,MATCH($A10,'Исходник'!$T:$T,0),MATCH(Y$1,'Исходник'!$1:$1,0)))} | Z10: =IF(IFERROR(SEARCH(" ",Y10))>0,SUM(IFERROR(VALUE(REPLACE(LEFT(Y10,SEARCH(" ",Y10)-1),SEARCH(".",LEFT(Y10,SEARCH(" ",Y10)-1),1),1,",")),LEFT(Y10,SEARCH(" ",Y10)-1)),IFERROR(VALUE(REPLACE(MID(Y10,SEARCH(" ",Y10)+1,LEN(Y10)-SEARCH(" ",Y10)),SEARCH(".",MID(Y10,SEARCH(" ",Y10)+1,LEN(Y10)-SEARCH(" ",Y10)),1),1,",")),MID(Y10,SEARCH(" ",Y10)+1,LEN(Y10)-SEARCH(" ",Y10)))),0) -> 0 | AA10: =IF(Z10>0,Z10,IFERROR(VALUE(REPLACE(Y10,SEARCH(".",Y10,1),1,",")),Y10)) | AB10: {=IFERROR(INDEX('Исходник'!$1:$626,MATCH($A10,'Исходник'!$T:$T,0),MATCH(AB$1,'Исходник'!$1:$1,0)))} | AC10: {=IFERROR(INDEX('Исходник'!$1:$626,MATCH($A10,'Исходник'!$T:$T,0),MATCH(AC$1,'Исходник'!$1:$1,0)))} | AD10: =IFERROR(VALUE(REPLACE(AC10,SEARCH(".",AC10,1),1,",")),AC10) | AE10: {=IFERROR(INDEX('Исходник'!$1:$626,MATCH($A10,'Исходник'!$T:$T,0),MATCH(AE$1,'Исходник'!$1:$1,0)))} | AF10: {=IFERROR(INDEX('Исходник'!$1:$626,MATCH($A10,'Исходник'!$T:$T,0),MATCH(AF$1,'Исходник'!$1:$1,0)))} | AG10: =IFERROR(VALUE(REPLACE(AF10,SEARCH(".",AF10,1),1,",")),AF10) | AH10: {=IFERROR(INDEX('Исходник'!$1:$626,MATCH($A10,'Исходник'!$T:$T,0),MATCH(AH$1,'Исходник'!$1:$1,0)))} | AI10: {=IFERROR(INDEX('Исходник'!$1:$626,MATCH($A10,'Исходник'!$T:$T,0),MATCH(AI$1,'Исходник'!$1:$1,0)))} | AJ10: =VALUE(LEFT(AI10,10)) -> 0
B11: {=IFERROR(INDEX('Исходник'!$1:$626,MATCH($A11,'Исходник'!$T:$T,0),MATCH(B$1,'Исходник'!$1:$1,0)))} | C11: {=IFERROR(INDEX('Исходник'!$1:$626,MATCH($A11,'Исходник'!$T:$T,0),MATCH(C$1,'Исходник'!$1:$1,0)))} | D11: {=IFERROR(INDEX('Исходник'!$1:$626,MATCH($A11,'Исходник'!$T:$T,0),MATCH(D$1,'Исходник'!$1:$1,0)))} | E11: {=IFERROR(INDEX('Исходник'!$1:$626,MATCH($A11,'Исходник'!$T:$T,0),MATCH(E$1,'Исходник'!$1:$1,0)))} | F11: {=IFERROR(INDEX('Исходник'!$1:$626,MATCH($A11,'Исходник'!$T:$T,0),MATCH(F$1,'Исходник'!$1:$1,0)))} | G11: {=IFERROR(INDEX('Исходник'!$1:$626,MATCH($A11,'Исходник'!$T:$T,0),MATCH(G$1,'Исходник'!$1:$1,0)))} | H11: =IF(IFERROR(SEARCH(" ",G11))>0,SUM(IFERROR(VALUE(REPLACE(LEFT(G11,SEARCH(" ",G11)-1),SEARCH(".",LEFT(G11,SEARCH(" ",G11)-1),1),1,",")),LEFT(G11,SEARCH(" ",G11)-1)),IFERROR(VALUE(REPLACE(MID(G11,SEARCH(" ",G11)+1,LEN(G11)-SEARCH(" ",G11)),SEARCH(".",MID(G11,SEARCH(" ",G11)+1,LEN(G11)-SEARCH(" ",G11)),1),1,",")),MID(G11,SEARCH(" ",G11)+1,LEN(G11)-SEARCH(" ",G11)))),0) -> 0 | I11: =IF(H11>0,H11,IFERROR(VALUE(REPLACE(G11,SEARCH(".",G11,1),1,",")),G11)) | J11: {=IFERROR(INDEX('Исходник'!$1:$626,MATCH($A11,'Исходник'!$T:$T,0),MATCH(J$1,'Исходник'!$1:$1,0)))} | K11: =IFERROR(MID(J11,1,SEARCH(" ",J11,1)-1),J11) | L11: {=IFERROR(INDEX('Исходник'!$1:$626,MATCH($A11,'Исходник'!$T:$T,0),MATCH(L$1,'Исходник'!$1:$1,0)))} | M11: =IF(LEN(L11)>90,1,0) -> 0 | N11: {=IFERROR(INDEX('Исходник'!$1:$626,MATCH($A11,'Исходник'!$T:$T,0),MATCH(N$1,'Исходник'!$1:$1,0)))} | O11: =IF(IFERROR(SEARCH(" ",N11))>0,SUM(IFERROR(VALUE(REPLACE(LEFT(N11,SEARCH(" ",N11)-1),SEARCH(".",LEFT(N11,SEARCH(" ",N11)-1),1),1,",")),LEFT(N11,SEARCH(" ",N11)-1)),IFERROR(VALUE(REPLACE(MID(N11,SEARCH(" ",N11)+1,LEN(N11)-SEARCH(" ",N11)),SEARCH(".",MID(N11,SEARCH(" ",N11)+1,LEN(N11)-SEARCH(" ",N11)),1),1,",")),MID(N11,SEARCH(" ",N11)+1,LEN(N11)-SEARCH(" ",N11)))),0) -> 0 | P11: =IF(O11>0,O11,IFERROR(VALUE(REPLACE(N11,SEARCH(".",N11,1),1,",")),N11)) | Q11: {=IFERROR(INDEX('Исходник'!$1:$626,MATCH($A11,'Исходник'!$T:$T,0),MATCH(Q$1,'Исходник'!$1:$1,0)))} | R11: {=IFERROR(INDEX('Исходник'!$1:$626,MATCH($A11,'Исходник'!$T:$T,0),MATCH(R$1,'Исходник'!$1:$1,0)))} | S11: =IF(IFERROR(SEARCH(" ",R11))>0,SUM(IFERROR(VALUE(REPLACE(LEFT(R11,SEARCH(" ",R11)-1),SEARCH(".",LEFT(R11,SEARCH(" ",R11)-1),1),1,",")),LEFT(R11,SEARCH(" ",R11)-1)),IFERROR(VALUE(REPLACE(MID(R11,SEARCH(" ",R11)+1,LEN(R11)-SEARCH(" ",R11)),SEARCH(".",MID(R11,SEARCH(" ",R11)+1,LEN(R11)-SEARCH(" ",R11)),1),1,",")),MID(R11,SEARCH(" ",R11)+1,LEN(R11)-SEARCH(" ",R11)))),0) -> 0 | T11: =IF(S11>0,S11,IFERROR(VALUE(REPLACE(R11,SEARCH(".",R11,1),1,",")),R11)) | U11: {=IFERROR(INDEX('Исходник'!$1:$626,MATCH($A11,'Исходник'!$T:$T,0),MATCH(U$1,'Исходник'!$1:$1,0)))} | V11: =IFERROR(MID(U11,1,SEARCH(" ",U11,1)-1),U11) | W11: {=IFERROR(INDEX('Исходник'!$1:$626,MATCH($A11,'Исходник'!$T:$T,0),MATCH(W$1,'Исходник'!$1:$1,0)))} | X11: =IF(LEN(W11)>90,1,0) -> 0 | Y11: {=IFERROR(INDEX('Исходник'!$1:$626,MATCH($A11,'Исходник'!$T:$T,0),MATCH(Y$1,'Исходник'!$1:$1,0)))} | Z11: =IF(IFERROR(SEARCH(" ",Y11))>0,SUM(IFERROR(VALUE(REPLACE(LEFT(Y11,SEARCH(" ",Y11)-1),SEARCH(".",LEFT(Y11,SEARCH(" ",Y11)-1),1),1,",")),LEFT(Y11,SEARCH(" ",Y11)-1)),IFERROR(VALUE(REPLACE(MID(Y11,SEARCH(" ",Y11)+1,LEN(Y11)-SEARCH(" ",Y11)),SEARCH(".",MID(Y11,SEARCH(" ",Y11)+1,LEN(Y11)-SEARCH(" ",Y11)),1),1,",")),MID(Y11,SEARCH(" ",Y11)+1,LEN(Y11)-SEARCH(" ",Y11)))),0) -> 0 | AA11: =IF(Z11>0,Z11,IFERROR(VALUE(REPLACE(Y11,SEARCH(".",Y11,1),1,",")),Y11)) | AB11: {=IFERROR(INDEX('Исходник'!$1:$626,MATCH($A11,'Исходник'!$T:$T,0),MATCH(AB$1,'Исходник'!$1:$1,0)))} | AC11: {=IFERROR(INDEX('Исходник'!$1:$626,MATCH($A11,'Исходник'!$T:$T,0),MATCH(AC$1,'Исходник'!$1:$1,0)))} | AD11: =IFERROR(VALUE(REPLACE(AC11,SEARCH(".",AC11,1),1,",")),AC11) | AE11: {=IFERROR(INDEX('Исходник'!$1:$626,MATCH($A11,'Исходник'!$T:$T,0),MATCH(AE$1,'Исходник'!$1:$1,0)))} | AF11: {=IFERROR(INDEX('Исходник'!$1:$626,MATCH($A11,'Исходник'!$T:$T,0),MATCH(AF$1,'Исходник'!$1:$1,0)))} | AG11: =IFERROR(VALUE(REPLACE(AF11,SEARCH(".",AF11,1),1,",")),AF11) | AH11: {=IFERROR(INDEX('Исходник'!$1:$626,MATCH($A11,'Исходник'!$T:$T,0),MATCH(AH$1,'Исходник'!$1:$1,0)))} | AI11: {=IFERROR(INDEX('Исходник'!$1:$626,MATCH($A11,'Исходник'!$T:$T,0),MATCH(AI$1,'Исходник'!$1:$1,0)))} | AJ11: =VALUE(LEFT(AI11,10)) -> 0
B12: {=IFERROR(INDEX('Исходник'!$1:$626,MATCH($A12,'Исходник'!$T:$T,0),MATCH(B$1,'Исходник'!$1:$1,0)))} | C12: {=IFERROR(INDEX('Исходник'!$1:$626,MATCH($A12,'Исходник'!$T:$T,0),MATCH(C$1,'Исходник'!$1:$1,0)))} | D12: {=IFERROR(INDEX('Исходник'!$1:$626,MATCH($A12,'Исходник'!$T:$T,0),MATCH(D$1,'Исходник'!$1:$1,0)))} | E12: {=IFERROR(INDEX('Исходник'!$1:$626,MATCH($A12,'Исходник'!$T:$T,0),MATCH(E$1,'Исходник'!$1:$1,0)))} | F12: {=IFERROR(INDEX('Исходник'!$1:$626,MATCH($A12,'Исходник'!$T:$T,0),MATCH(F$1,'Исходник'!$1:$1,0)))} | G12: {=IFERROR(INDEX('Исходник'!$1:$626,MATCH($A12,'Исходник'!$T:$T,0),MATCH(G$1,'Исходник'!$1:$1,0)))} | H12: =IF(IFERROR(SEARCH(" ",G12))>0,SUM(IFERROR(VALUE(REPLACE(LEFT(G12,SEARCH(" ",G12)-1),SEARCH(".",LEFT(G12,SEARCH(" ",G12)-1),1),1,",")),LEFT(G12,SEARCH(" ",G12)-1)),IFERROR(VALUE(REPLACE(MID(G12,SEARCH(" ",G12)+1,LEN(G12)-SEARCH(" ",G12)),SEARCH(".",MID(G12,SEARCH(" ",G12)+1,LEN(G12)-SEARCH(" ",G12)),1),1,",")),MID(G12,SEARCH(" ",G12)+1,LEN(G12)-SEARCH(" ",G12)))),0) -> 0 | I12: =IF(H12>0,H12,IFERROR(VALUE(REPLACE(G12,SEARCH(".",G12,1),1,",")),G12)) | J12: {=IFERROR(INDEX('Исходник'!$1:$626,MATCH($A12,'Исходник'!$T:$T,0),MATCH(J$1,'Исходник'!$1:$1,0)))} | K12: =IFERROR(MID(J12,1,SEARCH(" ",J12,1)-1),J12) | L12: {=IFERROR(INDEX('Исходник'!$1:$626,MATCH($A12,'Исходник'!$T:$T,0),MATCH(L$1,'Исходник'!$1:$1,0)))} | M12: =IF(LEN(L12)>90,1,0) -> 0 | N12: {=IFERROR(INDEX('Исходник'!$1:$626,MATCH($A12,'Исходник'!$T:$T,0),MATCH(N$1,'Исходник'!$1:$1,0)))} | O12: =IF(IFERROR(SEARCH(" ",N12))>0,SUM(IFERROR(VALUE(REPLACE(LEFT(N12,SEARCH(" ",N12)-1),SEARCH(".",LEFT(N12,SEARCH(" ",N12)-1),1),1,",")),LEFT(N12,SEARCH(" ",N12)-1)),IFERROR(VALUE(REPLACE(MID(N12,SEARCH(" ",N12)+1,LEN(N12)-SEARCH(" ",N12)),SEARCH(".",MID(N12,SEARCH(" ",N12)+1,LEN(N12)-SEARCH(" ",N12)),1),1,",")),MID(N12,SEARCH(" ",N12)+1,LEN(N12)-SEARCH(" ",N12)))),0) -> 0 | P12: =IF(O12>0,O12,IFERROR(VALUE(REPLACE(N12,SEARCH(".",N12,1),1,",")),N12)) | Q12: {=IFERROR(INDEX('Исходник'!$1:$626,MATCH($A12,'Исходник'!$T:$T,0),MATCH(Q$1,'Исходник'!$1:$1,0)))} | R12: {=IFERROR(INDEX('Исходник'!$1:$626,MATCH($A12,'Исходник'!$T:$T,0),MATCH(R$1,'Исходник'!$1:$1,0)))} | S12: =IF(IFERROR(SEARCH(" ",R12))>0,SUM(IFERROR(VALUE(REPLACE(LEFT(R12,SEARCH(" ",R12)-1),SEARCH(".",LEFT(R12,SEARCH(" ",R12)-1),1),1,",")),LEFT(R12,SEARCH(" ",R12)-1)),IFERROR(VALUE(REPLACE(MID(R12,SEARCH(" ",R12)+1,LEN(R12)-SEARCH(" ",R12)),SEARCH(".",MID(R12,SEARCH(" ",R12)+1,LEN(R12)-SEARCH(" ",R12)),1),1,",")),MID(R12,SEARCH(" ",R12)+1,LEN(R12)-SEARCH(" ",R12)))),0) -> 0 | T12: =IF(S12>0,S12,IFERROR(VALUE(REPLACE(R12,SEARCH(".",R12,1),1,",")),R12)) | U12: {=IFERROR(INDEX('Исходник'!$1:$626,MATCH($A12,'Исходник'!$T:$T,0),MATCH(U$1,'Исходник'!$1:$1,0)))} | V12: =IFERROR(MID(U12,1,SEARCH(" ",U12,1)-1),U12) | W12: {=IFERROR(INDEX('Исходник'!$1:$626,MATCH($A12,'Исходник'!$T:$T,0),MATCH(W$1,'Исходник'!$1:$1,0)))} | X12: =IF(LEN(W12)>90,1,0) -> 0 | Y12: {=IFERROR(INDEX('Исходник'!$1:$626,MATCH($A12,'Исходник'!$T:$T,0),MATCH(Y$1,'Исходник'!$1:$1,0)))} | Z12: =IF(IFERROR(SEARCH(" ",Y12))>0,SUM(IFERROR(VALUE(REPLACE(LEFT(Y12,SEARCH(" ",Y12)-1),SEARCH(".",LEFT(Y12,SEARCH(" ",Y12)-1),1),1,",")),LEFT(Y12,SEARCH(" ",Y12)-1)),IFERROR(VALUE(REPLACE(MID(Y12,SEARCH(" ",Y12)+1,LEN(Y12)-SEARCH(" ",Y12)),SEARCH(".",MID(Y12,SEARCH(" ",Y12)+1,LEN(Y12)-SEARCH(" ",Y12)),1),1,",")),MID(Y12,SEARCH(" ",Y12)+1,LEN(Y12)-SEARCH(" ",Y12)))),0) -> 0 | AA12: =IF(Z12>0,Z12,IFERROR(VALUE(REPLACE(Y12,SEARCH(".",Y12,1),1,",")),Y12)) | AB12: {=IFERROR(INDEX('Исходник'!$1:$626,MATCH($A12,'Исходник'!$T:$T,0),MATCH(AB$1,'Исходник'!$1:$1,0)))} | AC12: {=IFERROR(INDEX('Исходник'!$1:$626,MATCH($A12,'Исходник'!$T:$T,0),MATCH(AC$1,'Исходник'!$1:$1,0)))} | AD12: =IFERROR(VALUE(REPLACE(AC12,SEARCH(".",AC12,1),1,",")),AC12) | AE12: {=IFERROR(INDEX('Исходник'!$1:$626,MATCH($A12,'Исходник'!$T:$T,0),MATCH(AE$1,'Исходник'!$1:$1,0)))} | AF12: {=IFERROR(INDEX('Исходник'!$1:$626,MATCH($A12,'Исходник'!$T:$T,0),MATCH(AF$1,'Исходник'!$1:$1,0)))} | AG12: =IFERROR(VALUE(REPLACE(AF12,SEARCH(".",AF12,1),1,",")),AF12) | AH12: {=IFERROR(INDEX('Исходник'!$1:$626,MATCH($A12,'Исходник'!$T:$T,0),MATCH(AH$1,'Исходник'!$1:$1,0)))} | AI12: {=IFERROR(INDEX('Исходник'!$1:$626,MATCH($A12,'Исходник'!$T:$T,0),MATCH(AI$1,'Исходник'!$1:$1,0)))} | AJ12: =VALUE(LEFT(AI12,10)) -> 0
B13: {=IFERROR(INDEX('Исходник'!$1:$626,MATCH($A13,'Исходник'!$T:$T,0),MATCH(B$1,'Исходник'!$1:$1,0)))} | C13: {=IFERROR(INDEX('Исходник'!$1:$626,MATCH($A13,'Исходник'!$T:$T,0),MATCH(C$1,'Исходник'!$1:$1,0)))} | D13: {=IFERROR(INDEX('Исходник'!$1:$626,MATCH($A13,'Исходник'!$T:$T,0),MATCH(D$1,'Исходник'!$1:$1,0)))} | E13: {=IFERROR(INDEX('Исходник'!$1:$626,MATCH($A13,'Исходник'!$T:$T,0),MATCH(E$1,'Исходник'!$1:$1,0)))} | F13: {=IFERROR(INDEX('Исходник'!$1:$626,MATCH($A13,'Исходник'!$T:$T,0),MATCH(F$1,'Исходник'!$1:$1,0)))} | G13: {=IFERROR(INDEX('Исходник'!$1:$626,MATCH($A13,'Исходник'!$T:$T,0),MATCH(G$1,'Исходник'!$1:$1,0)))} | H13: =IF(IFERROR(SEARCH(" ",G13))>0,SUM(IFERROR(VALUE(REPLACE(LEFT(G13,SEARCH(" ",G13)-1),SEARCH(".",LEFT(G13,SEARCH(" ",G13)-1),1),1,",")),LEFT(G13,SEARCH(" ",G13)-1)),IFERROR(VALUE(REPLACE(MID(G13,SEARCH(" ",G13)+1,LEN(G13)-SEARCH(" ",G13)),SEARCH(".",MID(G13,SEARCH(" ",G13)+1,LEN(G13)-SEARCH(" ",G13)),1),1,",")),MID(G13,SEARCH(" ",G13)+1,LEN(G13)-SEARCH(" ",G13)))),0) -> 0 | I13: =IF(H13>0,H13,IFERROR(VALUE(REPLACE(G13,SEARCH(".",G13,1),1,",")),G13)) | J13: {=IFERROR(INDEX('Исходник'!$1:$626,MATCH($A13,'Исходник'!$T:$T,0),MATCH(J$1,'Исходник'!$1:$1,0)))} | K13: =IFERROR(MID(J13,1,SEARCH(" ",J13,1)-1),J13) | L13: {=IFERROR(INDEX('Исходник'!$1:$626,MATCH($A13,'Исходник'!$T:$T,0),MATCH(L$1,'Исходник'!$1:$1,0)))} | M13: =IF(LEN(L13)>90,1,0) -> 0 | N13: {=IFERROR(INDEX('Исходник'!$1:$626,MATCH($A13,'Исходник'!$T:$T,0),MATCH(N$1,'Исходник'!$1:$1,0)))} | O13: =IF(IFERROR(SEARCH(" ",N13))>0,SUM(IFERROR(VALUE(REPLACE(LEFT(N13,SEARCH(" ",N13)-1),SEARCH(".",LEFT(N13,SEARCH(" ",N13)-1),1),1,",")),LEFT(N13,SEARCH(" ",N13)-1)),IFERROR(VALUE(REPLACE(MID(N13,SEARCH(" ",N13)+1,LEN(N13)-SEARCH(" ",N13)),SEARCH(".",MID(N13,SEARCH(" ",N13)+1,LEN(N13)-SEARCH(" ",N13)),1),1,",")),MID(N13,SEARCH(" ",N13)+1,LEN(N13)-SEARCH(" ",N13)))),0) -> 0 | P13: =IF(O13>0,O13,IFERROR(VALUE(REPLACE(N13,SEARCH(".",N13,1),1,",")),N13)) | Q13: {=IFERROR(INDEX('Исходник'!$1:$626,MATCH($A13,'Исходник'!$T:$T,0),MATCH(Q$1,'Исходник'!$1:$1,0)))} | R13: {=IFERROR(INDEX('Исходник'!$1:$626,MATCH($A13,'Исходник'!$T:$T,0),MATCH(R$1,'Исходник'!$1:$1,0)))} | S13: =IF(IFERROR(SEARCH(" ",R13))>0,SUM(IFERROR(VALUE(REPLACE(LEFT(R13,SEARCH(" ",R13)-1),SEARCH(".",LEFT(R13,SEARCH(" ",R13)-1),1),1,",")),LEFT(R13,SEARCH(" ",R13)-1)),IFERROR(VALUE(REPLACE(MID(R13,SEARCH(" ",R13)+1,LEN(R13)-SEARCH(" ",R13)),SEARCH(".",MID(R13,SEARCH(" ",R13)+1,LEN(R13)-SEARCH(" ",R13)),1),1,",")),MID(R13,SEARCH(" ",R13)+1,LEN(R13)-SEARCH(" ",R13)))),0) -> 0 | T13: =IF(S13>0,S13,IFERROR(VALUE(REPLACE(R13,SEARCH(".",R13,1),1,",")),R13)) | U13: {=IFERROR(INDEX('Исходник'!$1:$626,MATCH($A13,'Исходник'!$T:$T,0),MATCH(U$1,'Исходник'!$1:$1,0)))} | V13: =IFERROR(MID(U13,1,SEARCH(" ",U13,1)-1),U13) | W13: {=IFERROR(INDEX('Исходник'!$1:$626,MATCH($A13,'Исходник'!$T:$T,0),MATCH(W$1,'Исходник'!$1:$1,0)))} | X13: =IF(LEN(W13)>90,1,0) -> 0 | Y13: {=IFERROR(INDEX('Исходник'!$1:$626,MATCH($A13,'Исходник'!$T:$T,0),MATCH(Y$1,'Исходник'!$1:$1,0)))} | Z13: =IF(IFERROR(SEARCH(" ",Y13))>0,SUM(IFERROR(VALUE(REPLACE(LEFT(Y13,SEARCH(" ",Y13)-1),SEARCH(".",LEFT(Y13,SEARCH(" ",Y13)-1),1),1,",")),LEFT(Y13,SEARCH(" ",Y13)-1)),IFERROR(VALUE(REPLACE(MID(Y13,SEARCH(" ",Y13)+1,LEN(Y13)-SEARCH(" ",Y13)),SEARCH(".",MID(Y13,SEARCH(" ",Y13)+1,LEN(Y13)-SEARCH(" ",Y13)),1),1,",")),MID(Y13,SEARCH(" ",Y13)+1,LEN(Y13)-SEARCH(" ",Y13)))),0) -> 0 | AA13: =IF(Z13>0,Z13,IFERROR(VALUE(REPLACE(Y13,SEARCH(".",Y13,1),1,",")),Y13)) | AB13: {=IFERROR(INDEX('Исходник'!$1:$626,MATCH($A13,'Исходник'!$T:$T,0),MATCH(AB$1,'Исходник'!$1:$1,0)))} | AC13: {=IFERROR(INDEX('Исходник'!$1:$626,MATCH($A13,'Исходник'!$T:$T,0),MATCH(AC$1,'Исходник'!$1:$1,0)))} | AD13: =IFERROR(VALUE(REPLACE(AC13,SEARCH(".",AC13,1),1,",")),AC13) | AE13: {=IFERROR(INDEX('Исходник'!$1:$626,MATCH($A13,'Исходник'!$T:$T,0),MATCH(AE$1,'Исходник'!$1:$1,0)))} | AF13: {=IFERROR(INDEX('Исходник'!$1:$626,MATCH($A13,'Исходник'!$T:$T,0),MATCH(AF$1,'Исходник'!$1:$1,0)))} | AG13: =IFERROR(VALUE(REPLACE(AF13,SEARCH(".",AF13,1),1,",")),AF13) | AH13: {=IFERROR(INDEX('Исходник'!$1:$626,MATCH($A13,'Исходник'!$T:$T,0),MATCH(AH$1,'Исходник'!$1:$1,0)))} | AI13: {=IFERROR(INDEX('Исходник'!$1:$626,MATCH($A13,'Исходник'!$T:$T,0),MATCH(AI$1,'Исходник'!$1:$1,0)))} | AJ13: =VALUE(LEFT(AI13,10)) -> 0
B14: {=IFERROR(INDEX('Исходник'!$1:$626,MATCH($A14,'Исходник'!$T:$T,0),MATCH(B$1,'Исходник'!$1:$1,0)))} | C14: {=IFERROR(INDEX('Исходник'!$1:$626,MATCH($A14,'Исходник'!$T:$T,0),MATCH(C$1,'Исходник'!$1:$1,0)))} | D14: {=IFERROR(INDEX('Исходник'!$1:$626,MATCH($A14,'Исходник'!$T:$T,0),MATCH(D$1,'Исходник'!$1:$1,0)))} | E14: {=IFERROR(INDEX('Исходник'!$1:$626,MATCH($A14,'Исходник'!$T:$T,0),MATCH(E$1,'Исходник'!$1:$1,0)))} | F14: {=IFERROR(INDEX('Исходник'!$1:$626,MATCH($A14,'Исходник'!$T:$T,0),MATCH(F$1,'Исходник'!$1:$1,0)))} | G14: {=IFERROR(INDEX('Исходник'!$1:$626,MATCH($A14,'Исходник'!$T:$T,0),MATCH(G$1,'Исходник'!$1:$1,0)))} | H14: =IF(IFERROR(SEARCH(" ",G14))>0,SUM(IFERROR(VALUE(REPLACE(LEFT(G14,SEARCH(" ",G14)-1),SEARCH(".",LEFT(G14,SEARCH(" ",G14)-1),1),1,",")),LEFT(G14,SEARCH(" ",G14)-1)),IFERROR(VALUE(REPLACE(MID(G14,SEARCH(" ",G14)+1,LEN(G14)-SEARCH(" ",G14)),SEARCH(".",MID(G14,SEARCH(" ",G14)+1,LEN(G14)-SEARCH(" ",G14)),1),1,",")),MID(G14,SEARCH(" ",G14)+1,LEN(G14)-SEARCH(" ",G14)))),0) -> 0 | I14: =IF(H14>0,H14,IFERROR(VALUE(REPLACE(G14,SEARCH(".",G14,1),1,",")),G14)) | J14: {=IFERROR(INDEX('Исходник'!$1:$626,MATCH($A14,'Исходник'!$T:$T,0),MATCH(J$1,'Исходник'!$1:$1,0)))} | K14: =IFERROR(MID(J14,1,SEARCH(" ",J14,1)-1),J14) | L14: {=IFERROR(INDEX('Исходник'!$1:$626,MATCH($A14,'Исходник'!$T:$T,0),MATCH(L$1,'Исходник'!$1:$1,0)))} | M14: =IF(LEN(L14)>90,1,0) -> 0 | N14: {=IFERROR(INDEX('Исходник'!$1:$626,MATCH($A14,'Исходник'!$T:$T,0),MATCH(N$1,'Исходник'!$1:$1,0)))} | O14: =IF(IFERROR(SEARCH(" ",N14))>0,SUM(IFERROR(VALUE(REPLACE(LEFT(N14,SEARCH(" ",N14)-1),SEARCH(".",LEFT(N14,SEARCH(" ",N14)-1),1),1,",")),LEFT(N14,SEARCH(" ",N14)-1)),IFERROR(VALUE(REPLACE(MID(N14,SEARCH(" ",N14)+1,LEN(N14)-SEARCH(" ",N14)),SEARCH(".",MID(N14,SEARCH(" ",N14)+1,LEN(N14)-SEARCH(" ",N14)),1),1,",")),MID(N14,SEARCH(" ",N14)+1,LEN(N14)-SEARCH(" ",N14)))),0) -> 0 | P14: =IF(O14>0,O14,IFERROR(VALUE(REPLACE(N14,SEARCH(".",N14,1),1,",")),N14)) | Q14: {=IFERROR(INDEX('Исходник'!$1:$626,MATCH($A14,'Исходник'!$T:$T,0),MATCH(Q$1,'Исходник'!$1:$1,0)))} | R14: {=IFERROR(INDEX('Исходник'!$1:$626,MATCH($A14,'Исходник'!$T:$T,0),MATCH(R$1,'Исходник'!$1:$1,0)))} | S14: =IF(IFERROR(SEARCH(" ",R14))>0,SUM(IFERROR(VALUE(REPLACE(LEFT(R14,SEARCH(" ",R14)-1),SEARCH(".",LEFT(R14,SEARCH(" ",R14)-1),1),1,",")),LEFT(R14,SEARCH(" ",R14)-1)),IFERROR(VALUE(REPLACE(MID(R14,SEARCH(" ",R14)+1,LEN(R14)-SEARCH(" ",R14)),SEARCH(".",MID(R14,SEARCH(" ",R14)+1,LEN(R14)-SEARCH(" ",R14)),1),1,",")),MID(R14,SEARCH(" ",R14)+1,LEN(R14)-SEARCH(" ",R14)))),0) -> 0 | T14: =IF(S14>0,S14,IFERROR(VALUE(REPLACE(R14,SEARCH(".",R14,1),1,",")),R14)) | U14: {=IFERROR(INDEX('Исходник'!$1:$626,MATCH($A14,'Исходник'!$T:$T,0),MATCH(U$1,'Исходник'!$1:$1,0)))} | V14: =IFERROR(MID(U14,1,SEARCH(" ",U14,1)-1),U14) | W14: {=IFERROR(INDEX('Исходник'!$1:$626,MATCH($A14,'Исходник'!$T:$T,0),MATCH(W$1,'Исходник'!$1:$1,0)))} | X14: =IF(LEN(W14)>90,1,0) -> 0 | Y14: {=IFERROR(INDEX('Исходник'!$1:$626,MATCH($A14,'Исходник'!$T:$T,0),MATCH(Y$1,'Исходник'!$1:$1,0)))} | Z14: =IF(IFERROR(SEARCH(" ",Y14))>0,SUM(IFERROR(VALUE(REPLACE(LEFT(Y14,SEARCH(" ",Y14)-1),SEARCH(".",LEFT(Y14,SEARCH(" ",Y14)-1),1),1,",")),LEFT(Y14,SEARCH(" ",Y14)-1)),IFERROR(VALUE(REPLACE(MID(Y14,SEARCH(" ",Y14)+1,LEN(Y14)-SEARCH(" ",Y14)),SEARCH(".",MID(Y14,SEARCH(" ",Y14)+1,LEN(Y14)-SEARCH(" ",Y14)),1),1,",")),MID(Y14,SEARCH(" ",Y14)+1,LEN(Y14)-SEARCH(" ",Y14)))),0) -> 0 | AA14: =IF(Z14>0,Z14,IFERROR(VALUE(REPLACE(Y14,SEARCH(".",Y14,1),1,",")),Y14)) | AB14: {=IFERROR(INDEX('Исходник'!$1:$626,MATCH($A14,'Исходник'!$T:$T,0),MATCH(AB$1,'Исходник'!$1:$1,0)))} | AC14: {=IFERROR(INDEX('Исходник'!$1:$626,MATCH($A14,'Исходник'!$T:$T,0),MATCH(AC$1,'Исходник'!$1:$1,0)))} | AD14: =IFERROR(VALUE(REPLACE(AC14,SEARCH(".",AC14,1),1,",")),AC14) | AE14: {=IFERROR(INDEX('Исходник'!$1:$626,MATCH($A14,'Исходник'!$T:$T,0),MATCH(AE$1,'Исходник'!$1:$1,0)))} | AF14: {=IFERROR(INDEX('Исходник'!$1:$626,MATCH($A14,'Исходник'!$T:$T,0),MATCH(AF$1,'Исходник'!$1:$1,0)))} | AG14: =IFERROR(VALUE(REPLACE(AF14,SEARCH(".",AF14,1),1,",")),AF14) | AH14: {=IFERROR(INDEX('Исходник'!$1:$626,MATCH($A14,'Исходник'!$T:$T,0),MATCH(AH$1,'Исходник'!$1:$1,0)))} | AI14: {=IFERROR(INDEX('Исходник'!$1:$626,MATCH($A14,'Исходник'!$T:$T,0),MATCH(AI$1,'Исходник'!$1:$1,0)))} | AJ14: =VALUE(LEFT(AI14,10)) -> 0
... B1000: {=IFERROR(INDEX('Исходник'!$1:$626,MATCH($A1000,'Исходник'!$T:$T,0),MATCH(B$1,'Исходник'!$1:$1,0)))} | C1000: {=IFERROR(INDEX('Исходник'!$1:$626,MATCH($A1000,'Исходник'!$T:$T,0),MATCH(C$1,'Исходник'!$1:$1,0)))} | D1000: {=IFERROR(INDEX('Исходник'!$1:$626,MATCH($A1000,'Исходник'!$T:$T,0),MATCH(D$1,'Исходник'!$1:$1,0)))} | E1000: {=IFERROR(INDEX('Исходник'!$1:$626,MATCH($A1000,'Исходник'!$T:$T,0),MATCH(E$1,'Исходник'!$1:$1,0)))} | F1000: {=IFERROR(INDEX('Исходник'!$1:$626,MATCH($A1000,'Исходник'!$T:$T,0),MATCH(F$1,'Исходник'!$1:$1,0)))} | G1000: {=IFERROR(INDEX('Исходник'!$1:$626,MATCH($A1000,'Исходник'!$T:$T,0),MATCH(G$1,'Исходник'!$1:$1,0)))} | H1000: =IF(IFERROR(SEARCH(" ",G1000))>0,SUM(IFERROR(VALUE(REPLACE(LEFT(G1000,SEARCH(" ",G1000)-1),SEARCH(".",LEFT(G1000,SEARCH(" ",G1000)-1),1),1,",")),LEFT(G1000,SEARCH(" ",G1000)-1)),IFERROR(VALUE(REPLACE(MID(G1000,SEARCH(" ",G1000)+1,LEN(G1000)-SEARCH(" ",G1000)),SEARCH(".",MID(G1000,SEARCH(" ",G1000)+1,LEN(G1000)-SEARCH(" ",G1000)),1),1,",")),MID(G1000,SEARCH(" ",G1000)+1,LEN(G1000)-SEARCH(" ",G1000)))),0) -> 0 | I1000: =IF(H1000>0,H1000,IFERROR(VALUE(REPLACE(G1000,SEARCH(".",G1000,1),1,",")),G1000)) | J1000: {=IFERROR(INDEX('Исходник'!$1:$626,MATCH($A1000,'Исходник'!$T:$T,0),MATCH(J$1,'Исходник'!$1:$1,0)))} | K1000: =IFERROR(MID(J1000,1,SEARCH(" ",J1000,1)-1),J1000) | L1000: {=IFERROR(INDEX('Исходник'!$1:$626,MATCH($A1000,'Исходник'!$T:$T,0),MATCH(L$1,'Исходник'!$1:$1,0)))} | M1000: =IF(LEN(L1000)>90,1,0) -> 0 | N1000: {=IFERROR(INDEX('Исходник'!$1:$626,MATCH($A1000,'Исходник'!$T:$T,0),MATCH(N$1,'Исходник'!$1:$1,0)))} | O1000: =IF(IFERROR(SEARCH(" ",N1000))>0,SUM(IFERROR(VALUE(REPLACE(LEFT(N1000,SEARCH(" ",N1000)-1),SEARCH(".",LEFT(N1000,SEARCH(" ",N1000)-1),1),1,",")),LEFT(N1000,SEARCH(" ",N1000)-1)),IFERROR(VALUE(REPLACE(MID(N1000,SEARCH(" ",N1000)+1,LEN(N1000)-SEARCH(" ",N1000)),SEARCH(".",MID(N1000,SEARCH(" ",N1000)+1,LEN(N1000)-SEARCH(" ",N1000)),1),1,",")),MID(N1000,SEARCH(" ",N1000)+1,LEN(N1000)-SEARCH(" ",N1000)))),0) -> 0 | P1000: =IF(O1000>0,O1000,IFERROR(VALUE(REPLACE(N1000,SEARCH(".",N1000,1),1,",")),N1000)) | Q1000: {=IFERROR(INDEX('Исходник'!$1:$626,MATCH($A1000,'Исходник'!$T:$T,0),MATCH(Q$1,'Исходник'!$1:$1,0)))} | R1000: {=IFERROR(INDEX('Исходник'!$1:$626,MATCH($A1000,'Исходник'!$T:$T,0),MATCH(R$1,'Исходник'!$1:$1,0)))} | S1000: =IF(IFERROR(SEARCH(" ",R1000))>0,SUM(IFERROR(VALUE(REPLACE(LEFT(R1000,SEARCH(" ",R1000)-1),SEARCH(".",LEFT(R1000,SEARCH(" ",R1000)-1),1),1,",")),LEFT(R1000,SEARCH(" ",R1000)-1)),IFERROR(VALUE(REPLACE(MID(R1000,SEARCH(" ",R1000)+1,LEN(R1000)-SEARCH(" ",R1000)),SEARCH(".",MID(R1000,SEARCH(" ",R1000)+1,LEN(R1000)-SEARCH(" ",R1000)),1),1,",")),MID(R1000,SEARCH(" ",R1000)+1,LEN(R1000)-SEARCH(" ",R1000)))),0) -> 0 | T1000: =IF(S1000>0,S1000,IFERROR(VALUE(REPLACE(R1000,SEARCH(".",R1000,1),1,",")),R1000)) | U1000: {=IFERROR(INDEX('Исходник'!$1:$626,MATCH($A1000,'Исходник'!$T:$T,0),MATCH(U$1,'Исходник'!$1:$1,0)))} | V1000: =IFERROR(MID(U1000,1,SEARCH(" ",U1000,1)-1),U1000) | W1000: {=IFERROR(INDEX('Исходник'!$1:$626,MATCH($A1000,'Исходник'!$T:$T,0),MATCH(W$1,'Исходник'!$1:$1,0)))} | X1000: =IF(LEN(W1000)>90,1,0) -> 0 | Y1000: {=IFERROR(INDEX('Исходник'!$1:$626,MATCH($A1000,'Исходник'!$T:$T,0),MATCH(Y$1,'Исходник'!$1:$1,0)))} | Z1000: =IF(IFERROR(SEARCH(" ",Y1000))>0,SUM(IFERROR(VALUE(REPLACE(LEFT(Y1000,SEARCH(" ",Y1000)-1),SEARCH(".",LEFT(Y1000,SEARCH(" ",Y1000)-1),1),1,",")),LEFT(Y1000,SEARCH(" ",Y1000)-1)),IFERROR(VALUE(REPLACE(MID(Y1000,SEARCH(" ",Y1000)+1,LEN(Y1000)-SEARCH(" ",Y1000)),SEARCH(".",MID(Y1000,SEARCH(" ",Y1000)+1,LEN(Y1000)-SEARCH(" ",Y1000)),1),1,",")),MID(Y1000,SEARCH(" ",Y1000)+1,LEN(Y1000)-SEARCH(" ",Y1000)))),0) -> 0 | AA1000: =IF(Z1000>0,Z1000,IFERROR(VALUE(REPLACE(Y1000,SEARCH(".",Y1000,1),1,",")),Y1000)) | AB1000: {=IFERROR(INDEX('Исходник'!$1:$626,MATCH($A1000,'Исходник'!$T:$T,0),MATCH(AB$1,'Исходник'!$1:$1,0)))} | AC1000: {=IFERROR(INDEX('Исходник'!$1:$626,MATCH($A1000,'Исходник'!$T:$T,0),MATCH(AC$1,'Исходник'!$1:$1,0)))} | AD1000: =IFERROR(VALUE(REPLACE(AC1000,SEARCH(".",AC1000,1),1,",")),AC1000) | AE1000: {=IFERROR(INDEX('Исходник'!$1:$626,MATCH($A1000,'Исходник'!$T:$T,0),MATCH(AE$1,'Исходник'!$1:$1,0)))} | AF1000: {=IFERROR(INDEX('Исходник'!$1:$626,MATCH($A1000,'Исходник'!$T:$T,0),MATCH(AF$1,'Исходник'!$1:$1,0)))} | AG1000: =IFERROR(VALUE(REPLACE(AF1000,SEARCH(".",AF1000,1),1,",")),AF1000) | AH1000: {=IFERROR(INDEX('Исходник'!$1:$626,MATCH($A1000,'Исходник'!$T:$T,0),MATCH(AH$1,'Исходник'!$1:$1,0)))} | AI1000: {=IFERROR(INDEX('Исходник'!$1:$626,MATCH($A1000,'Исходник'!$T:$T,0),MATCH(AI$1,'Исходник'!$1:$1,0)))} | AJ1000: =VALUE(LEFT(AI1000,10)) -> 0

Sheet Исходник
A1: Date | B1: Time | C1: Transaction Type | D1: Status | E1: Chain | F1: Buy Amount | G1: Buy Currency | H1: Buy Currency Address | I1: Buy Fiat Amount | J1: Buy Fiat Currency | K1: Sell Amount | L1: Sell Currency | M1: Sell Currency Address | N1: Sell Fiat Amount | O1: Sell Fiat Currency | P1: Fee Amount | Q1: Fee Currency | R1: Fee Fiat Amount | S1: Fee Fiat Currency | T1: Tx Hash | U1: Link | V1: Timestamp | W1: Incoming Transfers JSON | X1: Outgoing Transfers JSON
